,Bear_10th,Base_50th,Bull_90th,Absolute_Max,Absolute_Min
2025-04-01,1076948.2025625682,1079453.888329371,1079487.4264482886,1079495.810978018,1076321.7811208675
2025-05-01,1077383.8614795639,1079391.5135267607,1082154.0930719478,1082844.7379582445,1076881.9484677645
2025-06-01,1083011.2985791932,1085051.5002188648,1085767.3647675167,1085946.3309046796,1082501.2481692752
2025-07-01,1067798.6427198213,1080291.7404212565,1088838.4188729096,1090975.088485823,1064675.3682944626
2025-08-01,1058015.6565675682,1079127.3449930192,1082161.0064458763,1082919.4218090905,1052737.7344612055
2025-09-01,1067902.4142843704,1070743.2986644378,1074304.7430303101,1075195.1041217782,1067192.1931893534
2025-10-01,1049969.589937214,1055415.8994847185,1087586.6807197279,1095629.3760284802,1048608.012550338
2025-11-01,1047524.1559415362,1051620.545735681,1098906.373784108,1110727.830796215,1046500.058493
2025-12-01,1027030.7300363225,1043054.6333244017,1083627.383010986,1093770.5704326322,1023024.7542143026
2026-01-01,1035190.912604384,1055058.7882362423,1096490.60759114,1106848.5624298644,1030223.9436964195
2026-02-01,1010760.4671017297,1027471.3678480266,1073904.5867099368,1085512.8914254145,1006582.7419151554
2026-03-01,1007365.0823175509,1039103.2008281427,1079080.395679647,1089074.6943925233,999430.552689903
2026-04-01,999824.9105817404,1042252.8030014569,1077154.4001350803,1085879.7994184862,989217.9374768113
2026-05-01,997836.0256079801,1045491.0036876879,1081706.3480558498,1090760.1841478902,985922.2810880531
2026-06-01,1008612.3130848259,1053503.2533902791,1093652.3308165986,1103689.6001731786,997389.5780084626
2026-07-01,1012166.5701181492,1054132.2667085484,1086901.0197685414,1095093.2080335398,1001675.1459705493
2026-08-01,1003548.9550426421,1077020.0495221457,1096794.7030427218,1101738.3664228658,985181.1814227662
2026-09-01,1016424.7513844254,1071227.6554015954,1092176.6673838957,1097413.9203794708,1002724.025380133
2026-10-01,1035593.177826376,1064828.7408908461,1102506.9444114119,1111926.4952915534,1028284.2870602586
2026-11-01,1041763.5338600681,1072434.0069410042,1108818.5854359763,1117914.7300597192,1034095.915589834
2026-12-01,1042172.0755804637,1065362.9072417857,1110575.389751523,1121878.5103789575,1036374.3676651332
2027-01-01,1033204.7124934652,1048748.6454440888,1105148.7261418214,1119248.7463162544,1029318.7292558092
2027-02-01,1035391.8376156825,1037350.5041497838,1092031.2912336427,1105701.4880046074,1034902.1709821572
2027-03-01,1032671.9227004062,1033563.5060958972,1111398.048050821,1130856.6835395521,1032449.0268515334
2027-04-01,1016710.8568648518,1020063.212560706,1103708.408334444,1124619.7072778784,1015872.7679408883
2027-05-01,1018446.7384070327,1037507.4428653455,1103994.7026834546,1120616.5176379818,1013681.5622924545
2027-06-01,1024070.2448840953,1032353.2666194186,1107964.2060070245,1126866.940853926,1021999.4894502644
2027-07-01,1026660.643257497,1040350.1278845759,1117975.967387962,1137382.4272638084,1023238.2721007273
2027-08-01,1028682.7834374817,1031372.314477549,1125298.0170996343,1148779.4427551555,1028010.4006774649
2027-09-01,1022050.93179083,1027826.4994764832,1121380.9894726377,1144769.6119716763,1020607.0398694166
2027-10-01,1028792.2629558108,1037142.6025707122,1122019.5891491156,1143238.8357937164,1026704.6780520855
2027-11-01,1030354.6746844146,1038816.7294619326,1122253.26951766,1143112.4045315918,1028239.1609900352
2027-12-01,1030919.5032546907,1041901.4573073571,1117934.5053336222,1136942.7673401886,1028174.014741524
2028-01-01,1040206.8692723068,1047458.7860553125,1127513.7341536717,1147527.4711782616,1038393.8900765553
2028-02-01,1029280.5022108859,1046643.5256780725,1133081.8409565643,1154691.4197761873,1024939.7463440893
2028-03-01,1033926.335458216,1040095.3044924923,1117912.7397301232,1137367.0985395308,1032384.0931996469
2028-04-01,1036505.5218345635,1053706.2230798241,1145279.863335659,1168173.2733996178,1032205.3465232482
2028-05-01,1055338.8661000873,1063493.6787438584,1151673.2418014081,1173718.1325657957,1053300.1629391445
2028-06-01,1051024.5987693535,1055744.677235542,1156110.2108643744,1181201.5942715826,1049844.5791528064
2028-07-01,1039813.1158510308,1070329.5787521256,1146011.3976469892,1164931.852370705,1032184.0001257571
2028-08-01,1035490.1972854703,1047288.9193709189,1144192.495428459,1168418.389442844,1032540.5167641082
2028-09-01,1033266.4114708832,1042811.0580408486,1149662.0486439788,1176374.7962947614,1030880.2498283918
2028-10-01,1020456.35669895,1021238.4796051537,1150622.6021702094,1182968.6328114734,1020260.8259723991
2028-11-01,1022231.682237695,1032253.6414797535,1142231.547998248,1169726.0246278716,1019726.1924271804
2028-12-01,1006275.0979294239,1024791.7343815069,1149654.94234745,1180870.7443389357,1001645.9388164032
2029-01-01,1017439.2665643488,1019406.6400778946,1138791.6290856688,1168637.8763376125,1016947.4231859624
2029-02-01,1011221.4202480939,1032044.3729374461,1149752.2430588482,1179179.2105891986,1006015.6820757558
2029-03-01,1004664.382460927,1026864.4572194434,1140802.5613420387,1169287.0873726874,999114.363771298
2029-04-01,1012586.378781374,1031089.6798750767,1141915.1268800893,1169621.4886313425,1007960.5535079483
2029-05-01,998377.7013626324,1036166.3133901788,1140397.985453395,1166455.903469199,988930.5483557459
2029-06-01,996897.0373287385,1055678.8674847633,1139938.76160418,1161003.7351340344,982201.5797897324
2029-07-01,990005.016833024,1046169.8877139909,1133963.7810883885,1155912.2544319879,975963.7991127822
2029-08-01,990529.3463274111,1036706.6428369202,1137891.513639881,1163187.7313406214,978985.0222000339
2029-09-01,997847.8624550807,1032878.2026696752,1133948.163397415,1159215.65357935,989090.2774014322
2029-10-01,999289.0802758501,1058349.255352753,1126107.9661354322,1143047.6438311022,984524.0365066244
2029-11-01,1008643.8115972216,1055223.280962574,1121245.8699401102,1137751.5171844943,996998.9442558836
2029-12-01,1008889.3995595404,1053692.2775277905,1106806.515927173,1120085.0755270186,997688.6800674779
2030-01-01,1010858.328078036,1067168.0892623756,1102225.0830385447,1110989.3314825871,996780.8877819511
2030-02-01,1005425.268838241,1064544.0215923663,1104934.9299182913,1115032.6569997726,990645.5806497097
2030-03-01,1007473.9887222141,1051617.3366437103,1097725.3637619417,1109252.3705414995,996438.1517418401
2030-04-01,1006387.625663542,1058354.5011957148,1096851.8975775165,1106476.246672967,993395.9067804987
2030-05-01,1010342.1128796801,1055282.996091686,1084810.6453902044,1092192.557714834,999106.8920766787
2030-06-01,1022140.5114373374,1043613.8889265382,1083487.3376917802,1093455.6998830908,1016772.1670650372
2030-07-01,1024586.4563210312,1044559.394426923,1092288.5044459777,1104220.7819507413,1019593.2217945582
2030-08-01,1016675.128855462,1045710.132583137,1086024.4373224406,1096103.0135072665,1009416.3779235432
2030-09-01,1012016.1519030205,1040858.0066050504,1083344.7334274347,1093966.4151330306,1004805.688227513
2030-10-01,1023415.0881849267,1043380.6533636366,1088749.720429514,1100091.9871959835,1018423.6968902491
2030-11-01,1013280.815075304,1044299.236412399,1085981.387615583,1096401.925416379,1005526.2097410302
2030-12-01,1027497.2037963672,1074022.3588103887,1087597.45643511,1090991.2308412902,1015865.9150428618
2031-01-01,1014226.0186422227,1059796.6461623826,1097530.8940622045,1106964.45603716,1002833.3617621828
2031-02-01,1015346.0186573033,1080895.4064861494,1097087.426245521,1101135.431185364,998958.6717000918
2031-03-01,1015110.797928904,1081510.0786851642,1098984.601094872,1103353.231697299,998510.9777398389
2031-04-01,1012251.0470387833,1070349.0034477042,1096567.798075317,1103122.49673222,997726.557936553
2031-05-01,1033540.1899040508,1081807.4159671562,1099170.3918680346,1103511.1358432542,1021473.3833882745
2031-06-01,1020961.6187573818,1076752.704826782,1115473.0338427848,1125153.1160967855,1007013.8472400317
2031-07-01,1012365.3361611757,1065598.9287753133,1104883.8378778365,1114705.0651534672,999056.9380076414
2031-08-01,1007482.3035146273,1089017.6358231902,1112799.59837383,1118745.08901149,987098.4704374865
2031-09-01,1024601.2989577507,1097990.667278861,1132474.5877071128,1141095.5678141757,1006253.956877473
2031-10-01,1036952.2695185383,1113252.1996277946,1129321.192336372,1133338.4405135165,1017877.2869912242
2031-11-01,1032378.3480881585,1097986.4951461274,1133392.974791707,1142244.5947031018,1015976.3113236664
2031-12-01,1037084.7029655703,1103099.4204367844,1130485.5619266138,1137332.0972990713,1020581.0235977668
2032-01-01,1037347.4073540112,1103983.0808373115,1125033.3783919397,1130295.9527805967,1020688.4889831861
2032-02-01,1030805.9239655827,1093945.874159116,1134252.796792751,1144329.5274511597,1015020.9364171994
2032-03-01,1036482.384043352,1118875.4070008926,1137337.2279907365,1141952.6832381976,1015884.1283039668
2032-04-01,1042646.0330207791,1132860.3986828795,1145040.9159155309,1148086.0452236936,1020092.4416052541
2032-05-01,1036429.8643641914,1138439.5485424106,1145668.1864262773,1147475.3458972438,1010927.4433196366
2032-06-01,1044484.3849366406,1138700.2478089395,1144447.7207398342,1145884.5889725578,1020930.4192185659
2032-07-01,1041814.2749280568,1123207.6782764855,1136798.4343583682,1140196.1233788389,1021465.9240909496
2032-08-01,1047750.9683401354,1130643.577772914,1158753.073360728,1165780.4472576815,1027027.8159819407
2032-09-01,1036519.2365139117,1110140.3213915469,1162574.9507988982,1175683.608150736,1018113.9652945029
2032-10-01,1039966.2252481804,1098402.652919296,1160611.216860147,1176163.3578453597,1025357.1183304016
2032-11-01,1044331.384934808,1092889.7762222087,1156645.8289482614,1172584.8421297746,1032191.7871129578
2032-12-01,1040588.7342326087,1094462.818473101,1169155.6513870275,1187828.8596155092,1027120.2131724857
2033-01-01,1052797.175202569,1091610.113672902,1158694.4227196078,1175465.4999812844,1043093.9405849857
2033-02-01,1064348.1427040235,1115849.0075773064,1156158.488899348,1166235.8592298585,1051472.9264857029
2033-03-01,1064500.7948382823,1099837.5874784307,1168501.990865288,1185668.0917120024,1055666.596678245
2033-04-01,1077853.0850915418,1113541.7598095562,1179866.6621299188,1196447.8877100095,1068930.916412038
2033-05-01,1081938.0845416237,1121568.7176025996,1178412.918109299,1192623.9682359737,1072030.4262763797
2033-06-01,1106104.2873164688,1138772.8926049983,1192983.5668807866,1206536.2354497337,1097937.1359943363
2033-07-01,1107838.970339645,1149250.201718662,1196630.3512102845,1208475.3885831903,1097486.1624948906
2033-08-01,1106342.4818415868,1146358.530918054,1181111.6347503664,1189799.9107084447,1096338.46957247
2033-09-01,1122251.917019649,1146801.472054996,1164874.7837877683,1169393.1117209615,1116114.5282608122
2033-10-01,1121769.5085765128,1156894.3291008407,1161543.1042097455,1162705.2979869717,1112988.303445431
2033-11-01,1127412.239950635,1155412.7666314635,1174707.2696985942,1179530.895465377,1120412.1082804278
2033-12-01,1131961.0265470743,1147367.4224721608,1171935.3744262808,1178077.3624148108,1128109.4275658028
2034-01-01,1117212.1316573787,1151885.7812508368,1166975.451975586,1170747.8696567733,1108543.7192590144
2034-02-01,1096547.6743636774,1153217.4811966962,1153400.713648048,1153446.5217608858,1082380.2226554228
2034-03-01,1093602.2352935767,1149817.2441706618,1163204.9113906908,1166551.828195698,1079548.4830743053
2034-04-01,1091380.8932588522,1148840.6067810233,1149004.6918595752,1149045.7131292133,1077015.9648783095
2034-05-01,1090100.41946186,1128699.7604821746,1149450.7215535955,1154638.4618214509,1080450.5842067816
2034-06-01,1110106.2055824331,1139161.5023423801,1140331.9124496735,1140624.5149764968,1102842.3813924463
2034-07-01,1103351.5591592425,1143474.1475964487,1153794.9439687186,1156375.1430617862,1093320.912049941
2034-08-01,1097157.2214899594,1135499.7943337685,1153729.5917214395,1158287.0410683572,1087571.578279007
2034-09-01,1089819.073277203,1119597.6345313312,1169997.9589456092,1182598.0400491788,1082374.4329636707
2034-10-01,1108197.7140320619,1120905.798266965,1179452.5238001836,1194089.2051834883,1105020.692973336
2034-11-01,1089569.7062442494,1109388.699897785,1159567.1083048617,1172111.7104066308,1084614.9578308654
2034-12-01,1098986.189138834,1100457.1802980187,1153196.4634123573,1166381.2841909418,1098618.4413490377
2035-01-01,1088671.8345705406,1104788.7723479918,1158172.7657658278,1171518.7641202868,1084642.6001261778
2035-02-01,1084513.0536733095,1100622.054174714,1162225.8333893574,1177626.7781930184,1080485.8035479584
2035-03-01,1104258.3191168986,1112539.1624215252,1158878.347631212,1170463.1439336338,1102188.108290742
2035-04-01,1097318.1528922338,1128388.051960011,1159248.070843702,1166963.0755646247,1089550.6781252895
2035-05-01,1098934.5019537646,1119035.1676851474,1169648.227842132,1182301.4928813782,1093909.335520919
2035-06-01,1097528.1804766778,1131914.4699580856,1171095.5388132378,1180890.806027026,1088931.6081063258
2035-07-01,1121786.945709155,1140764.874277864,1202664.8046234015,1218139.787209786,1117042.4635669778
2035-08-01,1119882.0361820392,1148660.219271857,1194785.7098467108,1206317.0824904242,1112687.4904095847
2035-09-01,1129997.050779289,1140982.641774509,1195407.8908322663,1209014.2030967057,1127250.6530304842
2035-10-01,1133276.0229153647,1138942.0661665369,1197542.3433224207,1212192.4126113916,1131859.5121025718
2035-11-01,1118321.3325426315,1150540.4928801267,1188716.1116426303,1198260.0163332561,1110266.5424582579
2035-12-01,1113251.9588390053,1135849.5714849087,1189484.6003252517,1202893.3575353376,1107602.5556775294
2036-01-01,1102983.6390073204,1143438.6007830044,1204347.2504954392,1219574.412923548,1092869.8985633994
2036-02-01,1108850.3615091732,1131321.4935501975,1203309.377170865,1221306.3480760318,1103232.5784989172
2036-03-01,1125712.9519731,1144479.6897665886,1223270.65613158,1242968.397722828,1121021.2675247279
2036-04-01,1135742.5605423178,1139908.3952000937,1242317.8179971222,1267920.1736963792,1134701.1018778738
2036-05-01,1127667.2857876727,1148416.4359447123,1247151.2426697782,1271834.9443510447,1122479.998248413
2036-06-01,1138090.0190691939,1141632.8972685863,1252705.6204246858,1280473.8012137106,1137204.2995193456
2036-07-01,1122996.3791871753,1125494.0967787656,1230945.411693393,1257308.2404220498,1122371.9497892777
2036-08-01,1120458.9636450198,1122540.85108486,1242177.2442555851,1272086.3425482663,1119938.4917850597
2036-09-01,1122950.197223201,1140509.4493730355,1235176.2579027668,1258842.9600351998,1118560.3841857424
2036-10-01,1128006.1310124665,1128746.3771245063,1253457.3008752377,1284635.0318129205,1127821.0694844567
2036-11-01,1110183.3775806844,1110750.673851414,1261230.385508468,1298850.3134227314,1110041.5535130019
2036-12-01,1112246.7483428193,1116573.2769482017,1258155.5150786974,1293551.0746113213,1111165.1161914738
2037-01-01,1110093.8569428397,1119306.4078739693,1247696.9864212428,1279794.6310580613,1107790.7192100573
2037-02-01,1111217.5399712394,1124728.3049541255,1238666.7993095582,1267151.4228984164,1107839.8487255177
2037-03-01,1107605.5059736047,1127225.0250617478,1240532.800442335,1268859.7442874818,1102700.6262015689
2037-04-01,1133223.227870509,1165433.115870242,1227858.1689752364,1243464.4322514848,1125170.7558705758
2037-05-01,1144025.7658025746,1176112.4649418138,1243156.9916416423,1259918.1233165993,1136004.0910177648
2037-06-01,1138770.2477973225,1172523.6123816296,1245609.0951425233,1263880.4658327466,1130331.9066512457
2037-07-01,1130053.8220487193,1158933.9133635766,1238188.147900695,1258001.7065349745,1122833.7992200048
2037-08-01,1143014.5866269525,1153160.3011436847,1217454.8591129743,1233528.4986052967,1140478.1579977695
2037-09-01,1142528.6603169395,1154525.9838734264,1214126.117462035,1229026.1508591871,1139529.3294278176
2037-10-01,1140915.443713787,1151582.3540238324,1187184.637955206,1196085.2089380494,1138248.7161362756
2037-11-01,1138524.7523854945,1144855.1895575474,1180635.4932626106,1189580.5691888765,1136942.1430924814
2037-12-01,1134372.303172873,1150079.0275888732,1180479.3508997182,1188079.4317274296,1130445.6220688731
2038-01-01,1132714.4633518439,1170368.3369224493,1174768.498848862,1175868.5393304653,1123300.9949591926
2038-02-01,1136055.0334570452,1169983.5174871995,1173551.9182529962,1174444.0184444454,1127572.9124495066
2038-03-01,1127974.8908070154,1169437.3880560026,1174241.8076280635,1175442.9125210787,1117609.2664947684
2038-04-01,1107429.878019536,1160504.5032988288,1174821.6783435761,1178400.972104763,1094161.2216997128
2038-05-01,1140268.1585084416,1184040.0344064934,1184516.796677775,1184635.9872455953,1129325.1895339286
2038-06-01,1131787.9960909106,1181264.127173306,1184432.1834295227,1185224.197493577,1119418.9633203119
2038-07-01,1122119.9172910184,1191253.9009695998,1201635.220915256,1204230.55090167,1104836.421371373
2038-08-01,1137666.5465535948,1204173.1780701343,1218459.3592469508,1222030.904541155,1121039.88867446
2038-09-01,1148515.903764623,1215600.2539646171,1221993.8253908318,1223592.2182473855,1131744.8162146246
2038-10-01,1153597.1558788524,1206173.0882392025,1212699.6449268048,1214331.2840987055,1140453.1727887648
2038-11-01,1145959.2096765358,1211957.6943251132,1232501.5756853137,1237637.5460253637,1129459.5885143913
2038-12-01,1165085.8520010773,1219732.2752491406,1235009.1151516528,1238828.325127281,1151424.2461890616
2039-01-01,1167771.6243177992,1218706.677392826,1231213.4123329725,1234340.0960680093,1155037.8610490425
2039-02-01,1145451.5523967599,1222154.0818743706,1235878.9679025928,1239310.1894096483,1126275.920027357
2039-03-01,1165611.7236821828,1224105.041265229,1240746.6278537554,1244907.024500887,1150988.3942864214
2039-04-01,1165962.5590764615,1210311.4555236176,1246930.1168760962,1256084.782214216,1154875.3349646723
2039-05-01,1140681.819238652,1198812.268563642,1233014.494194963,1241565.0506027932,1126149.2069074046
2039-06-01,1155598.21278031,1192428.2892606019,1250450.5270879115,1264956.0865447388,1146390.6936602371
2039-07-01,1174628.7887680526,1222159.0030215532,1261039.370151,1270759.4619333618,1162746.2352046773
2039-08-01,1163362.2174677814,1226608.0491931553,1253929.7062559559,1260760.120521656,1147550.759536438
2039-09-01,1172281.3284603755,1221894.7959498942,1238522.1808090599,1242679.0270238512,1159877.9615879958
2039-10-01,1169426.9605506437,1224400.735790533,1231836.4759167524,1233695.4109483073,1155683.5167406714
2039-11-01,1176857.4819747794,1213799.9503478971,1233591.7604818528,1238539.7130153417,1167621.8648815
2039-12-01,1184137.7284496042,1225842.368623213,1247704.8331301664,1253170.4492569047,1173711.5684062021
2040-01-01,1176549.9623862882,1219861.5974293023,1243772.111229157,1249749.7396791207,1165722.0536255348
2040-02-01,1173586.3434174168,1211600.2565895936,1247742.090632487,1256777.5491432105,1164082.8651243725
2040-03-01,1160828.4707393404,1199845.9874571217,1237784.6749284458,1247269.3467962767,1151074.091559895
2040-04-01,1159940.0433447268,1202642.3540057365,1256475.4705234014,1269933.7496528176,1149264.4656794744
2040-05-01,1158275.444214408,1190756.7656986427,1263262.7656021786,1281389.2655780627,1150155.1138433495
2040-06-01,1144064.8255334452,1169896.565858068,1277026.7923312443,1303809.3489495385,1137606.8904522895
2040-07-01,1130777.0338080113,1188430.1731149075,1267596.5563827152,1287388.1521996672,1116363.7489812872
2040-08-01,1138364.728433818,1209297.906415829,1265448.5647878777,1279486.22938089,1120631.4339383154
2040-09-01,1143774.9872827982,1208742.903388321,1276088.4377839798,1292924.8213828946,1127533.0082564175
2040-10-01,1163078.2164008257,1207524.1043791282,1266502.0373609655,1281246.520606425,1151966.74440625
2040-11-01,1151399.3043988,1212181.2350418926,1269949.5515334345,1284391.63065632,1136203.8217380268
2040-12-01,1149306.3969123042,1214851.4626738986,1292735.6275557396,1312206.6687762,1132920.1304719057
2041-01-01,1170324.4305847317,1223053.1240121003,1287178.2063607923,1303209.4769479653,1157142.2572278895
2041-02-01,1160784.9065659272,1214443.6530378412,1283687.4288662276,1300998.3728233243,1147370.2199479486
2041-03-01,1165132.443746008,1211565.9205359197,1292403.6867225058,1312613.1282691523,1153524.0745485302
2041-04-01,1157656.7356311183,1224593.0899592317,1301481.8950096052,1320704.0962721985,1140922.64704909
2041-05-01,1152786.984267251,1232556.2322155905,1309391.0775843246,1328599.788926508,1132844.6722801663
2041-06-01,1147580.4956020943,1248405.4121489937,1300970.5484948114,1314111.8325812658,1122374.2664653694
2041-07-01,1150359.149663234,1256492.301148758,1327650.9425532066,1345440.6029043186,1123825.8617918529
2041-08-01,1131655.9809879388,1252996.1748853407,1325644.923967469,1343807.1112380011,1101320.9325135883
2041-09-01,1142725.4404910211,1240442.8259298739,1315544.027467611,1334319.3278520454,1118296.094131308
2041-10-01,1130307.8298700196,1249197.336167018,1311336.0358333555,1326870.71074994,1100585.4532957699
2041-11-01,1127661.5334024613,1261538.484099056,1320931.6455940914,1335779.9359678503,1094192.2957283126
2041-12-01,1121292.1664450886,1259401.8958002406,1304964.341949885,1316354.9534872961,1086764.7341063006
2042-01-01,1113876.105106056,1256906.2313366798,1302922.3204915458,1314426.3427802625,1078118.5735484
2042-02-01,1124823.4899005727,1267057.8773003127,1307526.6502681046,1317643.8435100527,1089264.8930506376
2042-03-01,1120644.0062270954,1263662.2528242946,1304947.9344962982,1315269.354914299,1084889.4445777955
2042-04-01,1119660.3190851505,1242465.0289965349,1293773.308475643,1306600.37834542,1088959.1416073043
2042-05-01,1123821.0116243407,1231584.177840887,1302349.8719704633,1320041.2955028573,1096880.220070204
2042-06-01,1128664.066485596,1217646.870309725,1297848.1608448206,1317898.4834785946,1106418.3655295635
2042-07-01,1144322.3130506703,1241220.146880028,1291319.2961936244,1303844.0835220234,1120097.854593331
2042-08-01,1145011.312490816,1242993.5077571566,1291554.2210487174,1303694.3993716075,1120515.7636742308
2042-09-01,1161530.1833724477,1244543.7706918386,1296455.299767498,1309433.1820364129,1140776.7865426
2042-10-01,1169997.3771890313,1254211.7388606812,1299010.2612884548,1310209.891895398,1148943.7867711189
2042-11-01,1181033.0920003226,1259396.108531865,1289224.1878711341,1296681.2077059513,1161442.3378674372
2042-12-01,1191386.4797823867,1243299.8013074263,1287667.2012835064,1298759.0512775264,1178408.1494011267
2043-01-01,1196477.3080687548,1237205.8428220034,1284967.5059485263,1296907.921730157,1186295.1743804428
2043-02-01,1202797.2647844488,1237831.8294067294,1271024.1903124675,1279322.280538902,1194038.6236288785
2043-03-01,1208950.9982865937,1241136.677790961,1274883.3904254346,1283320.0685840528,1200904.5784105018
2043-04-01,1231690.2307985642,1245924.7387508827,1278459.548004547,1286593.250317963,1228131.6038104845
2043-05-01,1226739.5046995766,1232170.0923119814,1286515.3063064169,1300101.6098050259,1225381.8577964755
2043-06-01,1239776.0726814708,1264578.9864990127,1292060.051058303,1298930.3171981256,1233575.3442270854
2043-07-01,1237728.035337349,1248469.9411719088,1288977.6894799932,1299104.6265570142,1235042.558878709
2043-08-01,1233048.595149976,1258143.8637273752,1309630.9452513705,1322502.7156323695,1226774.778005626
2043-09-01,1234483.586337928,1258893.2003553386,1312857.7524506424,1326348.8904744685,1228381.1828335754
2043-10-01,1224718.2370349253,1282551.5058550658,1329901.9212857927,1341739.5251434743,1210259.9198298901
2043-11-01,1220470.2670550894,1289122.8041373848,1344995.6589726822,1358963.8726815067,1203307.1327845154
2043-12-01,1225460.6955091788,1284531.4108810863,1334944.3362971016,1347547.5676511053,1210693.0166662019
2044-01-01,1215320.6047393032,1279418.4114775101,1334657.2640943571,1348466.977248569,1199296.1530547515
2044-02-01,1217094.3621688199,1280085.2825643145,1331810.7569117956,1344742.1254986657,1201346.6320699463
2044-03-01,1234094.1912832533,1284683.9483622003,1356135.8181240114,1373998.785564464,1221446.7520135164
2044-04-01,1220640.2018821926,1303946.1926370142,1344195.6544343112,1354258.0198836355,1199813.7041934873
2044-05-01,1245632.6274073399,1340723.3829883186,1342084.5402258844,1342424.829535276,1221859.9385120953
2044-06-01,1245586.052116314,1350252.6642543657,1350339.4282240865,1350361.1192165166,1219419.399081801
2044-07-01,1267434.76928252,1353908.7924657287,1376145.7389143226,1381704.975526471,1245816.2634867178
2044-08-01,1276522.5859797222,1363895.1032140614,1368092.3204048385,1369141.6247025328,1254679.4566711374
2044-09-01,1297247.644240293,1370692.3116738456,1374900.5596947754,1375952.6217000077,1278886.4773819048
2044-10-01,1290306.9479760255,1356568.3762367594,1374334.311247695,1378775.7950004288,1273741.590910842
2044-11-01,1274480.1501681465,1343257.8221821086,1383422.1608115619,1393463.2454689252,1257285.732164656
2044-12-01,1256530.3389303295,1369762.7920289992,1398680.7503817286,1405910.239969911,1228222.2256556621
2045-01-01,1256219.778938668,1411330.7815365826,1417009.1052204978,1418428.6861414767,1217442.0282891896
2045-02-01,1261735.9816868473,1400556.6495757813,1410663.6693944556,1413190.424349124,1227030.8147146138
2045-03-01,1260638.198482736,1411005.8063904992,1433965.2469851226,1439705.1071337785,1223046.296505795
2045-04-01,1259006.179376609,1398860.2622095481,1437782.5274401791,1447513.0937478368,1224042.6586683742
2045-05-01,1262080.3220116186,1384332.683799704,1437304.4785849866,1450547.4272813073,1231517.2315645972
2045-06-01,1281156.7477130643,1389167.6235182555,1430506.2594034157,1440840.9183747058,1254154.0287617666
2045-07-01,1281846.50283107,1396339.9655714806,1425111.7152138017,1432304.652624382,1253223.1371459672
2045-08-01,1280354.3481038604,1386968.4304608272,1396909.1617942664,1399394.3446276262,1253700.8275146186
2045-09-01,1296993.1833831165,1395451.704035436,1396922.2675219462,1397289.9083935737,1272378.5532200367
2045-10-01,1301466.3531240309,1405732.241024847,1410986.6632416386,1412300.2687958365,1275399.8811488268
2045-11-01,1297904.821625729,1371309.2103928528,1401706.6394020948,1409305.9966544053,1279553.724433948
2045-12-01,1291293.8251224165,1364635.8460964265,1396011.6849700438,1403855.6446884482,1272958.319878914
2046-01-01,1299327.2451158527,1358622.2000699264,1403547.6437326581,1414779.004648341,1284503.5063773342
2046-02-01,1305445.6088121068,1372377.1544700882,1416753.8553567247,1427848.030578384,1288712.7223976115
2046-03-01,1297809.2921831883,1343036.4678442387,1409420.3345854927,1426016.3012708062,1286502.4982679256
2046-04-01,1303646.9620910836,1348512.595482653,1443301.706338194,1466998.9840520793,1292430.5537431913
2046-05-01,1314574.7704065628,1375956.765934106,1455128.8355731661,1474921.8529829313,1299229.271524677
2046-06-01,1316523.5779996375,1397383.9152652645,1468947.8553950307,1486838.8404274723,1296308.4936832308
2046-07-01,1314418.0650843773,1400132.9796097965,1460407.3604362085,1475475.9556428115,1292989.3364530224
2046-08-01,1324482.3634159025,1398873.655393968,1470512.4636445236,1488422.1657071626,1305884.540421386
2046-09-01,1326098.0779803768,1408879.798860819,1461375.721413277,1474499.7020513916,1305402.6477602662
2046-10-01,1307798.9965945464,1396636.4737651902,1465621.1638141728,1482867.3363264184,1285589.6273018853
2046-11-01,1292877.2029674738,1377064.1316930137,1471186.4153785878,1494716.9862999814,1271830.4707860888
2046-12-01,1293195.322882191,1400953.9923369202,1475010.82524153,1493525.0334676825,1266255.6555185087
2047-01-01,1300322.8883171624,1429748.1806943591,1486887.3704607505,1501172.1679023483,1267966.565222863
2047-02-01,1315089.5120596136,1403910.83891524,1484819.3498316319,1505046.47756073,1292884.180345707
2047-03-01,1314239.9564087167,1388228.271797851,1486836.8156025957,1511488.951553782,1295742.8775614332
2047-04-01,1309569.595943269,1405957.0751846153,1460840.6176021271,1474561.503206505,1285472.7261329326
2047-05-01,1302698.2646249651,1379524.028922445,1478237.624228316,1502916.0230547837,1283491.8235505952
2047-06-01,1313618.974677444,1373653.8851180316,1479105.0398464182,1505467.8285285148,1298610.247067297
2047-07-01,1315136.4294910303,1374433.1191785473,1492822.5366627702,1522419.891033826,1300312.257069151
2047-08-01,1318696.296504441,1386171.3824162264,1496638.5752146856,1524255.3734143004,1301827.5250264946
2047-09-01,1331337.2042296987,1361738.4294220381,1481340.3396094963,1511240.8171563607,1323736.897931614
2047-10-01,1339506.5283945084,1377219.3031590793,1470238.6008329447,1493493.425251411,1330078.3347033658
2047-11-01,1329137.6069374457,1380738.7547933364,1473312.6775965758,1496456.1582973856,1316237.319973473
2047-12-01,1339092.0611165315,1355664.2902289133,1456036.2695048954,1481129.264323891,1334949.003838436
2048-01-01,1337244.4461468784,1358441.1752142538,1460725.4506066097,1486296.5194546985,1331945.2638800344
2048-02-01,1325593.1057257208,1370874.238051237,1468060.8161192322,1492357.4606362311,1314272.8226443417
2048-03-01,1334119.7367914924,1364330.1703487393,1456368.7172017132,1479378.3539149568,1326567.1284021807
2048-04-01,1350511.5403401626,1372780.3965745477,1474540.7985540056,1499980.89904887,1344944.3262815662
2048-05-01,1370119.1515306847,1371061.3754643116,1482255.2635484175,1510053.735569444,1369883.595547278
2048-06-01,1352165.8328927187,1355083.5174070767,1480968.387747933,1512439.605333147,1351436.4117641293
2048-07-01,1343121.7609864692,1354310.4261454302,1485516.9710719632,1518318.6073035966,1340324.594696729
2048-08-01,1347186.3471849305,1386427.5844029419,1481431.2234379898,1505182.1331967518,1337376.0378804277
2048-09-01,1335312.992876444,1379267.9997022205,1496251.7709398465,1525497.713749253,1324324.2411699998
2048-10-01,1344942.3613255331,1397298.7684905336,1495839.3978017017,1520474.5551294938,1331853.259534283
2048-11-01,1351486.778344106,1396594.2741473885,1502113.170348543,1528492.8943988315,1340209.9043932853
2048-12-01,1358613.9865401653,1394990.5908521411,1486417.4567941325,1509274.1732796303,1349519.8354621714
2049-01-01,1381643.835463711,1408617.7951228702,1485625.3828952578,1504877.2798383548,1374900.3455489213
2049-02-01,1370644.8199848025,1392263.5435766634,1473623.7662223103,1493963.821883722,1365240.1390868372
2049-03-01,1385802.4161715298,1393658.8065911764,1482412.9698656737,1504601.510684298,1383838.3185666183
2049-04-01,1385336.5983320784,1387157.6886934128,1472556.83811356,1493906.625468597,1384881.3257417448
2049-05-01,1385689.6124711684,1401466.2123361763,1472492.0373183617,1490248.493563908,1381745.4625049164
2049-06-01,1393648.3800687806,1412710.8707113662,1474101.607230035,1489449.2913597021,1388882.7574081342
2049-07-01,1399697.0642591557,1414411.9649147321,1485674.7082669716,1503490.3941050314,1396018.3390952614
2049-08-01,1389423.7148792492,1413359.5709932602,1486794.668787585,1505153.4432361664,1383439.7508507464
2049-09-01,1379449.70897692,1401850.3740621684,1493528.5661809496,1516448.1142106447,1373849.5427056078
2049-10-01,1361085.4525442906,1398727.6835704858,1487568.716166368,1509778.9743153385,1351674.8947877418
2049-11-01,1382890.11729982,1415753.3429130889,1489840.402476716,1508362.167367623,1374674.3108965028
2049-12-01,1395152.0459300098,1404163.4723164926,1480458.7140737176,1499532.524513024,1392899.189333389
2050-01-01,1379488.4868866338,1391424.6460129414,1476967.0627221218,1498352.6668994168,1376504.4471050568
2050-02-01,1377180.8035725062,1396060.6779013183,1467196.3372347509,1484980.2520681089,1372460.8349903033
2050-03-01,1363520.377798364,1378705.102474873,1475635.7182865667,1499868.37223949,1359724.1966292367
