,iter_0,iter_1,iter_2,iter_3,iter_4,iter_5,iter_6,iter_7,iter_8,iter_9
2025-04-01,1101108.9774780807,1074802.6062209236,1077229.0826048686,1113062.4931804722,1058302.55882275,1088799.6063433103,1076403.262670808,1071220.2003173085,1081950.2860075908,1082364.5279837365
2025-05-01,1106268.4136914925,1093589.6431992177,1101585.491216129,1138881.2873251508,1069826.486801641,1096627.6682495081,1103081.2252717265,1098612.6206941702,1066770.1410909777,1080473.7040507996
2025-06-01,1112738.7235546832,1076907.9410249826,1116526.9758788035,1169205.166902347,1069445.7023350925,1098141.1519123516,1114101.9819466274,1100117.3147540602,1055927.2721708566,1063089.5389381002
2025-07-01,1034674.1585326508,1096216.4486676715,1117306.2733736683,1161090.450658094,1037862.1087293804,1117211.1599026257,1109525.5077199207,1127203.6507138892,1056749.8511194093,1026714.4691624913
2025-08-01,1000650.1626541711,1095043.0794862031,1154082.343421432,1145661.3877897917,1037809.5676272956,1151567.1361154965,1119642.9697024957,1128770.494037741,1091559.9555354598,995711.8906231925
2025-09-01,1011538.0447933688,1105633.164189285,1142167.7595468613,1179967.1823209806,1046309.3159889939,1167250.8157052943,1147817.1093818147,1109455.1900943797,1094260.2498344954,971057.6034755199
2025-10-01,964186.9241115139,1118941.962186044,1136779.8947895851,1173776.0855470765,1012625.7330779211,1155618.021483762,1124407.3075449865,1110998.8726050702,1095269.9359703665,939941.595800306
2025-11-01,943036.0161589736,1109563.6770500615,1090924.2167119046,1155345.3547992376,1006480.184227115,1165368.773163726,1102307.6028470588,1100839.4636032523,1090206.752802642,925506.5202956425
2025-12-01,910537.1224913308,1068461.6545845857,1086154.7349723256,1154940.046103645,1005968.7933164908,1182382.4665010106,1056630.0021027199,1109235.4633714727,1080828.640228512,911361.0800990926
2026-01-01,921859.7349203362,1074390.0139632209,1137539.3037173506,1150535.4917067594,984852.1315369067,1245019.5765234178,1027207.0102530454,1136087.7195343731,1077514.8377641656,905910.0030426931
2026-02-01,892342.2142669416,1031866.7104330682,1141813.0287117772,1131670.3770231283,971162.6664027061,1337255.242584024,982088.8731436336,1140345.3651571518,1064317.7792005357,870736.9483540646
2026-03-01,866794.2838211535,1018071.1333794977,1166051.5244268177,1145486.4249971271,969566.5638289858,1339526.50170194,1013809.6762900356,1154267.739386775,1085454.8943487555,868303.7878878688
2026-04-01,858260.7519554148,1029299.6089736366,1184864.020791774,1112431.4415073234,968538.107052673,1337893.7220608548,1027442.0416358196,1100865.4430345264,1116910.9834810453,854026.3874541473
2026-05-01,855431.1408362975,1012447.9830456707,1140889.1793854302,1155357.3805262859,951266.4773661136,1282448.7109992148,1074582.983602583,1054921.069673265,1156983.647249687,842859.1300444144
2026-06-01,879752.794822998,999877.3536618826,1172388.9711853787,1147739.566226266,954610.3137759042,1263791.8223124552,1063699.4525192385,1040158.4411810705,1150472.0757922386,807320.8707652104
2026-07-01,890383.1127851537,970822.0512070971,1199773.2695393807,1160786.0698181628,939062.3584385312,1222221.572499137,1086988.9920083364,984404.30488006,1162743.4237717462,771834.3304592064
2026-08-01,892132.1215338528,937005.7065879937,1170896.8647116248,1169285.1268142543,962179.6442490185,1161084.8130744451,1085601.0622165482,995509.6349111347,1129173.882978004,747971.0529393618
2026-09-01,883924.4632950627,904783.559959731,1164606.797423363,1131610.231571331,936355.6518533457,1135708.975428638,1112932.616155245,982238.2932365183,1148159.9218898227,736832.7845476926
2026-10-01,875420.8667459089,866687.2998609017,1173389.2680771786,1106045.1508595017,910377.4303897615,1135790.345170349,1131808.7142522635,1001263.3412055565,1145299.8140262472,740987.3346500895
2026-11-01,857421.372774408,858614.977904521,1154600.6394975672,1039954.7882796741,905895.2625661388,1103163.7458399008,1189933.1029689815,1030788.6517126707,1136297.4363585403,722225.4084491917
2026-12-01,860936.5029096497,844981.0152634194,1143605.9235521602,1032565.3625607911,889784.1913734535,1063738.0859197285,1216399.60683651,1030529.0790283178,1064590.7761678076,717326.4298930548
2027-01-01,846114.2206261337,835861.0720564364,1102609.4030027639,1016141.7530432183,911661.9735216226,1102089.2533889373,1254676.1788636113,1017704.8445148725,1013659.6710521899,714726.7655150509
2027-02-01,832832.9167336131,827511.6883087957,1088184.146318911,980498.6803977875,920389.4721944523,1138799.9373386684,1266859.154665929,992922.3773001549,999316.746533171,712754.6018218509
2027-03-01,823257.6712144418,832431.1761087013,1119675.5977378867,944707.7133110459,923426.6606646591,1145842.1153627094,1358689.0432025604,1008970.8529772324,1010512.7973163347,717206.2813484693
2027-04-01,815621.566044925,812989.2961294318,1118512.0461521703,928847.2204485422,955897.4260237482,1188735.6777023105,1324313.6842337763,1020585.4348411527,994433.1916341386,713487.0866840284
2027-05-01,805992.6157431328,798087.9584410395,1088979.1251209918,867356.0446955826,961158.6251111107,1168403.7279875574,1272732.610970486,1017553.7983690585,1036971.7993954916,711228.0818460819
2027-06-01,825876.3153093872,805434.7295659936,1081179.604425948,872267.8064512276,944648.7784629912,1149058.0850080336,1311183.96439203,1014510.9865962975,1085942.2393798183,691923.457258802
2027-07-01,835112.1906930294,824246.8253798118,1056028.0951021418,881177.8287104229,922869.8416821357,1129656.5740890293,1339816.1590343886,984781.8657330042,1088771.7750621438,690441.9216987555
2027-08-01,841533.6265594681,831545.9415270317,1040546.0952862628,876720.6299300164,919489.3085810352,1125092.2245976948,1354608.1531872542,959204.219245116,1105893.3326641768,688707.6817954493
2027-09-01,841448.7019719578,831077.9999395319,1033865.7542726033,884383.5132741049,892049.9058840763,1121712.6331031523,1381658.7225503726,959923.0234824229,1099991.6192627347,669134.1417147189
2027-10-01,855585.7107336625,832266.0406844815,1027806.9966137694,895104.3613924815,896809.7346319593,1070554.5310485438,1384111.753549976,938789.4873374976,1099839.84130968,668480.4123535441
2027-11-01,886584.6478758899,833718.4700826639,1021553.5179033265,897282.8371424428,897558.6914949719,1057856.581982853,1378271.5925554533,912246.6475582819,1086303.7967634075,661414.3345158185
2027-12-01,872723.0561741601,844487.9780562969,993637.5462834035,869416.615897556,922832.9688771314,1057636.7874083752,1356850.8062322808,894820.6183089063,1066494.7126987048,649914.9271007148
2028-01-01,867484.2814890818,825844.0519118514,958682.6184622865,851234.6678452382,927222.054461543,1050534.2487697012,1374678.8869745617,861108.2706291982,1009542.6890297652,631953.694554374
2028-02-01,868097.9549393582,829389.344608361,964065.1488913503,827198.5629199261,951602.1705364118,1035301.5153300946,1377072.6404018402,857431.2609366338,986370.0453606759,620930.6699589974
2028-03-01,857981.0343146315,814260.1485531196,948446.3695896843,820412.930825671,956015.9524738832,1004085.0417685261,1373684.876248248,862289.6466359587,981045.7668131293,596094.5551314044
2028-04-01,832401.8374287307,807951.6971192315,941520.6524910037,817757.350374132,943027.8868557892,943577.5391136229,1397892.373489405,865774.0405927948,989669.2822986488,595161.4162159716
2028-05-01,824917.4169009827,812596.618344884,914883.9301846378,840986.9571393722,924436.3095105581,948219.724692288,1404809.0526084788,870142.6058231671,1000073.2642192192,602854.346877669
2028-06-01,779559.6025246906,785214.3143104576,890397.2697246642,854149.9886394319,914798.2220813116,927497.2807764449,1451047.895477822,877854.3914406919,1045359.9527906048,607291.456261519
2028-07-01,740082.5436114433,797476.5575668302,885922.575865815,843799.8372876238,923131.7840459727,933648.2833814396,1449111.422466044,897673.8959670499,1060676.5719548273,618863.3489119755
2028-08-01,750823.6845135328,770076.4922718027,886768.8485858588,830047.8905149008,931096.3066716081,920206.6756823544,1471531.6574295796,887077.715056034,1049746.8063734423,622120.4045930566
2028-09-01,749180.8363537836,760545.8865161296,887282.3866173405,831664.5287110452,937402.0783080243,903516.5106596507,1487527.4534817275,894126.5483250397,1036603.9567441382,629909.2037108055
2028-10-01,732997.3195107614,740229.2635487316,893436.8458143626,839142.6567757592,931768.4885838818,892052.7371268206,1517823.8296705321,879805.1650330194,1028838.6517035938,641871.2507388305
2028-11-01,704352.0655788735,741226.5964378885,883415.7784208711,840669.1076548035,944915.1859648793,915940.7332991838,1490798.463968416,904122.2686895906,1021048.3068889872,630443.3479514511
2028-12-01,697243.5699850234,709834.3445888439,877534.2361410015,843225.0590338127,957266.6020405247,930455.9854800745,1483343.0156365696,935736.3078249063,1005325.5295920346,641886.4696126662
2029-01-01,676608.4957096783,714623.0772260136,850469.3961916436,834196.4263768379,949568.5529129852,936895.3916579385,1472885.2404649656,943754.7476159838,985115.3773155496,665225.5259575379
2029-02-01,672697.680000774,698954.3904618156,844139.310921526,832406.6746089193,927025.8677542739,960310.0111339804,1467931.5332296605,983971.8169175474,963895.2428065727,683457.7732923096
2029-03-01,664881.1475153026,699053.285231651,819502.548959076,810360.6812445109,929091.339849493,945887.1590758704,1428759.7578988331,970107.0372829974,980784.5092799097,680131.9126487304
2029-04-01,667494.8113806283,712269.5242153851,823106.4067539421,819602.4758451318,925221.1267626099,949442.6658817017,1403175.619420118,1012458.6714064218,1014946.0632103264,679017.6242798939
2029-05-01,668509.6753613276,704987.7671066695,842835.8851050363,831139.4954843759,910782.1560115234,987829.4077089523,1384993.2687935869,992607.3272181532,1009896.5532861928,676313.0503169588
2029-06-01,683155.6088088229,689732.3583642873,846688.8639201742,839985.3216026095,911195.795713292,1026096.789138875,1359262.270942766,976575.5000363424,1018447.5644611309,656447.5982513755
2029-07-01,683684.337218094,686701.4480106684,846846.7562668431,859515.9767720856,894499.8640233623,1034821.8302698404,1344853.701554589,925103.8096036371,1041945.527340208,641378.6810133463
2029-08-01,678682.8761407997,691623.6569350002,857513.7998152514,889295.1795703531,879245.9000937591,1048132.4993149176,1314512.437276847,908250.6383529264,1047128.1811612686,652814.1664510581
2029-09-01,680172.0218714161,695613.6596416073,835718.9684065212,922015.729570769,866602.0417097479,1072477.7168869849,1261775.0525035479,880383.639105927,1033318.5997230394,642965.5429817572
2029-10-01,682351.4259851148,683332.0753570866,816385.8733463846,920012.0830328362,866064.1515590645,1087880.4123485652,1231447.2483032413,850140.2694922318,1054097.277775529,637805.2490169482
2029-11-01,667692.550345705,670408.0052885364,810193.7418759702,932934.8287066969,853135.3703765103,1079810.25877752,1191100.9412237066,826572.3119521809,1049054.3737481493,621983.4162917326
2029-12-01,683816.436945767,650401.9743328121,808092.2970241416,924310.8875801439,848762.0216603919,1030175.7710010034,1165945.4212015877,802325.0389217074,1054923.5614244032,624463.1664847602
2030-01-01,690648.3844184189,636033.1272194188,805604.4334485625,914928.4322869272,864203.1571977241,1012929.7092132083,1179886.9717445537,806069.394356044,1054165.1317903923,641957.258434868
2030-02-01,697774.9600695975,617283.1950160234,821806.4446179966,909056.2507281124,835469.5228203312,1045554.1285670483,1207031.3700055052,835860.3392859886,1021068.1502095998,640869.3156596684
2030-03-01,684102.185734139,624456.0299863116,778585.4303362945,896614.6114855759,831108.0289323714,1032344.6524350313,1204881.4380953002,851444.9118360393,992192.7896097389,656240.9827282545
2030-04-01,673460.4390030737,611240.2025537508,744776.2475350462,889133.0232429937,823496.9665719082,1025471.7035261426,1198363.26672427,861107.6616464492,981387.5976497368,662956.7905842157
2030-05-01,675833.647375298,608671.0917105897,727689.4702833567,853645.2302838335,822310.6115675294,973742.443078393,1208674.3546567594,850658.408124217,960252.688748835,675501.2138383402
2030-06-01,663304.8689771582,605026.907899327,734478.1952148466,838120.845177987,812386.441089588,916415.1840467079,1211272.5087893037,849075.3267035236,941730.9684647057,684391.5896926647
2030-07-01,675900.2967586496,594122.0933229256,706621.3870061259,830889.7649060574,797812.3383769878,904603.1067787226,1167630.6057581867,806034.0755918047,896267.4422110813,677480.7149556738
2030-08-01,691234.0902264344,607595.921103983,671754.9089427815,801171.0832035172,795810.6282795094,929831.1107960679,1150266.5198622704,789465.1753306582,881080.4726488369,689552.350156613
2030-09-01,703433.2418908552,594787.9792714996,654099.7330523729,772320.8120617993,780733.702991223,930791.5675597677,1151598.8463991857,788616.2719839661,876079.9764944388,710627.9958083683
2030-10-01,700755.1812598068,600086.6755537372,640531.0340868293,754670.0090634393,762741.5065060547,922925.7033458212,1133258.7638301067,769560.3018996586,843543.7012908107,703048.6962131201
2030-11-01,703532.7885291369,622018.4490292495,602594.8620647911,723725.4432266686,741554.9665233563,916751.1383435229,1104138.9793452888,755168.545194626,854013.702600778,715168.34559037
2030-12-01,732680.5051843901,648542.0440535776,589874.5646803855,710474.1118785851,750862.5298021676,924688.6635322807,1070435.4715492357,759574.391427873,841284.0834394398,718140.7669410155
2031-01-01,717118.9165413355,658046.6905589075,598433.9422721012,697788.9407756157,744438.5368751718,910239.1585223409,1038144.5374433005,759302.8952009492,833219.3480410322,715929.5718477637
2031-02-01,719435.4177306971,658281.9588440253,583841.3533070744,712439.2699865657,726604.9554292444,902634.2954810392,1001603.4644318763,739580.1499821953,816468.2503038784,709400.2206375285
2031-03-01,697842.7755942707,668558.9886846336,580807.9747093195,738825.762892366,690170.7150139012,893877.5128521973,981172.6037849024,737697.5277160233,797002.4565591129,690634.2435070383
2031-04-01,696101.3016939807,680215.4890682241,563398.5604628796,752158.4721782204,661693.808347546,899760.2832157897,940750.9530053859,745857.9408897328,793636.6701992897,701578.7717362152
2031-05-01,704992.1364197498,689199.1207692365,556095.7875783789,743625.3436391305,638598.124248209,886555.137941781,894683.5631284101,750635.812707942,786315.8552217133,705283.9614236307
2031-06-01,716361.2753393368,680300.3929420983,551665.0011925708,724934.6261040058,627055.9097859125,881100.3166770011,908296.5350668739,739384.99157691,773741.5475208669,722302.0309668101
2031-07-01,710534.0121013672,653651.918314526,514662.9224515443,716481.2824800137,601285.9505631406,856592.4250167673,892426.5426459324,705478.7638666986,760674.327096496,741005.3141107539
2031-08-01,733415.8546684628,609534.2830040011,499106.95334766275,688939.5264375284,605340.5747331281,882290.207919915,893410.4269487032,712735.8920344072,765460.9532397067,759463.1454402086
2031-09-01,750703.6073624014,579104.8169638464,498960.98954198527,670574.2550000311,606388.2905663009,886128.0535444667,896713.298941691,690470.4841567385,771618.5792492171,809501.067374613
2031-10-01,760746.8077746719,568595.8842924766,487349.34069279156,681179.9816000647,597353.8014388181,884088.1612339909,881779.7848246071,687162.8121787129,775192.9207556011,842540.4108486281
2031-11-01,734227.7053742928,546354.8072741509,482952.05098323245,685233.1108569851,591170.0573397154,892387.1933676767,869963.6874663616,702313.9846089357,782767.8539842087,852786.4045283266
2031-12-01,706153.4750981164,565856.4766139676,468632.1938088305,675822.7712776175,580373.463282905,888504.401358187,857240.8686115281,716904.212159168,779038.8827904247,856954.1942755153
2032-01-01,694661.1965378929,569910.9751001614,463193.2732862678,684188.7697200952,601184.5550755837,923376.1796667185,873975.1401366452,740782.6934525386,757580.8175025661,888773.7048349384
2032-02-01,672252.101581993,582245.0269589892,464002.61913810874,656709.8392155702,596430.2359257843,938888.2199298015,864489.7868277485,763528.6254159482,773427.9901993955,894502.8978924701
2032-03-01,656398.0938428782,591804.1611339621,458233.72051260207,638548.5500609503,596818.9268977663,948721.5065933826,881065.06595692,778066.9798433456,785244.3832807336,894809.452069833
2032-04-01,658239.9968589697,597049.5366465219,451229.0406749012,624480.5175792892,588603.5848439789,955831.109725569,896767.8795848633,760273.4132220575,806079.0863007245,885855.8863929118
2032-05-01,653260.3246795335,592561.7622345623,443416.4429996329,600610.8102922083,577704.909676498,959996.7544033342,901122.3244006714,719265.085021029,822787.3418628501,888123.7237468809
2032-06-01,658282.6569899095,599117.2505375071,448637.87097748107,592739.4431960434,577183.5787069264,967845.1409707527,887608.0291761773,714681.3701711263,849921.0246430956,902772.3916252116
2032-07-01,656176.0286105619,576276.6773294805,440963.5489114048,594835.1741108429,573368.9720706269,992056.520229143,872661.9775754693,712486.1469141027,853388.4143926112,890777.2047031706
2032-08-01,673511.9136304698,566933.7925674195,450484.6917667316,574286.1492590997,601478.530585957,966413.1936082545,853697.6224298638,720908.1310531979,835105.6026230442,896221.6746104516
2032-09-01,675767.5498362262,554816.4754100762,446993.23836877267,562022.0585425801,622786.9449588676,967595.2797323668,850562.3114370728,721986.8388039477,814086.2913438549,904801.953229248
2032-10-01,672818.0415680815,565370.5099999227,445352.25198163616,552483.1746940643,622156.8060878912,981953.9533480827,867322.8678482998,709507.2049774845,793436.5833587266,928678.2557174366
2032-11-01,667146.7431920472,573971.6061373899,448683.48513557186,536973.4184703586,635853.9180235241,994865.0407222979,878118.5951591324,698762.3616110532,775864.4983201381,954828.7459930165
2032-12-01,676787.4052044894,576812.392428592,462839.5844902369,524965.73874284,616862.851866841,1001604.361305413,861209.5476436426,678298.3116978079,768735.8803736612,957423.806435354
2033-01-01,675324.9489740307,599047.2596170655,469843.350040236,516423.4754331289,592785.5958021544,991816.0075175572,831776.8244319482,660762.1695247819,760738.2612701337,939264.2669214343
2033-02-01,675828.3311900233,604228.6106124164,489485.72186421626,484980.87741370004,608573.872409539,1003032.626268279,830840.4234879247,653005.269266289,743644.2306367491,936048.7916965464
2033-03-01,667333.5030225477,609478.8681737811,511395.80264097295,480783.8979297698,596587.2902284373,1028496.5304965095,828163.8078602667,644306.7439197636,751255.5820144343,930310.9909735346
2033-04-01,698292.4486259778,627033.7598743503,530476.8343586487,473019.06374143803,590546.3986815105,1025209.6010393471,831736.8031886317,649485.6996903613,781881.221595923,905883.3908054511
2033-05-01,697578.6995959508,646956.3911662302,548231.1395444211,465671.5770585202,606069.5464537786,1056213.1842966636,832932.8120899128,633411.0815102385,790304.193821243,875269.4209871058
2033-06-01,704802.0719271709,685226.9858243134,568666.2464660499,478049.4855777094,603904.2208395057,1081011.0677548358,843177.4714783389,630606.0483696125,789944.952029463,855470.8637737583
2033-07-01,698093.4796345547,692191.524114683,571938.0190455379,497514.7158982014,610154.5183805763,1128134.9605392923,845485.2858040053,625560.0052705852,800193.0611932223,840047.7308549066
2033-08-01,681990.7394076347,681936.082981253,559291.8584670755,521825.02053773304,581114.3150664058,1166111.4923166852,836881.830189237,620367.7486245909,792057.5217808845,827808.036930322
2033-09-01,682161.182644076,676711.5494609555,542985.9560555456,547009.290821261,551775.1924359954,1148150.4027254174,867422.1344062439,604215.3312163552,813953.4379006408,826083.4334286969
2033-10-01,671697.2100642114,661849.2132638437,529928.5274505569,546791.8120887333,541983.208962324,1150300.829810515,848789.7677997736,572510.2958090049,820983.3350080866,826421.7055903283
2033-11-01,702749.1341121448,679559.6259066948,518890.8494591641,542966.8538238178,508894.3101190362,1170033.2934051382,861408.2106464729,556215.4406629473,799884.7358459376,840313.0697653331
2033-12-01,702043.9576957466,672768.9542839043,515035.3096055662,543147.6850285381,498149.6977820142,1139840.5924377423,854131.32100152,544068.5951050207,792061.8375003567,830894.4935629182
2034-01-01,728505.5754510792,661032.159037234,514397.29334202665,534695.1588611191,491521.08649524336,1148532.3756547885,835927.3220808821,532605.5320128729,747522.4419349863,820707.3378472005
2034-02-01,745864.7472701995,636026.3139843778,508068.2490358527,524999.0644545861,479632.56989852886,1109618.9241996522,846176.9732886599,518736.0761238954,722418.219466024,825309.4513251304
2034-03-01,766874.9618145456,648094.5084808224,497636.5798819563,535766.610096831,470984.0386180831,1137382.9643438738,856368.2896048595,512731.4634159355,711724.8890051141,855392.2372525716
2034-04-01,743568.7786037248,642286.8733960778,482422.75205705874,530696.2733350542,473049.592075958,1141930.6265689326,869967.7643191302,505633.52545758616,696501.585035848,858070.5759410701
2034-05-01,721807.3654056803,648842.419569785,460895.45321839704,522050.7131614778,480435.0542697269,1109260.7543338083,876284.5991692628,503455.1421981705,683587.9555024178,842388.8711830744
2034-06-01,734145.0645305509,667179.1612159266,445336.68660043844,524480.6342526173,468417.7919600362,1091515.3440506002,874214.1125667077,504994.2458554167,669287.4246926947,822970.8833539453
2034-07-01,735621.2197040739,672533.0398307774,447210.42781721655,515191.95760889753,465468.23088680685,1046687.6983613523,856170.5285269024,488745.80503343616,648263.7030254599,797667.6569508238
2034-08-01,729999.6400645854,676038.9807695061,442823.316260647,512886.2421478638,444182.54340487794,1013969.7238571005,841473.8701599787,484088.9098342521,638609.5973276926,769653.0600671117
2034-09-01,712427.2154219699,663606.5952029999,444051.7739454391,492678.74205452355,438464.10787874996,1008061.0793227653,822626.531339437,471645.28245578695,629562.9623417145,746790.478832696
2034-10-01,692712.7772085635,670925.0634745525,445302.57078266307,498064.6355016005,443849.5538854701,1008105.4140566054,817609.9330894545,465390.8637838379,626875.2630043963,736549.9022937646
2034-11-01,679286.0013243005,669149.0616185676,429377.1758659369,476685.78198692034,422618.5382246599,1029772.972416336,826168.6424123838,462011.29065544985,638223.9336016481,707348.9272688597
2034-12-01,665890.4734231405,684942.6340994168,418164.04898306297,475886.2914669208,415988.3022146216,1037141.6018920853,795650.7897707055,470785.29008618137,641468.8608829785,683491.0657312922
2035-01-01,632557.0331777417,710353.7782679467,411497.4210718063,468141.7260133173,418111.8464891326,1034283.4233227428,783434.2700424339,479446.0071826342,645272.3778584996,679671.7084505648
2035-02-01,632616.9534772112,698536.0281362956,407507.86423052975,469442.2243516547,401338.9273152811,1016281.9443197337,794776.2275378056,496029.7795128635,637284.3835673081,703540.0450015324
2035-03-01,641544.7004633327,685186.588486727,402429.53183919744,465436.81891880673,401526.4780790938,1012083.4412474446,800170.4408152199,514843.67813631386,621217.7048982666,687194.8523121349
2035-04-01,635254.7463553143,676055.342321298,396265.9313192124,455636.56132023927,410549.3063109792,1048637.0334590548,811666.582430941,523340.6642580014,619771.1450164646,668144.3278836566
2035-05-01,627302.7321844207,654885.6367313407,386837.5862923885,464917.2641162764,414148.1759394423,1098369.6544525262,834449.5266056695,526392.4152395154,614300.1923891078,662678.7489127278
2035-06-01,613895.3857680684,646531.0010398099,369686.6217612421,472630.6532690463,429299.9259552478,1106248.332249953,838049.7765630654,513890.3921666268,610963.7565527327,666600.3996111628
2035-07-01,630715.7097124967,634864.2195583357,381700.5354532358,481073.6394689725,445419.24139796157,1092344.6244225262,827943.8408804534,511223.1068426602,598411.4687422942,663875.8934110233
2035-08-01,623711.4486064347,634863.732834985,374838.0967387288,495294.8236007185,442066.9575725178,1104846.058036336,832713.6198118269,513351.601470901,586100.6484721821,634304.0383546532
2035-09-01,645269.1169139036,625257.0691317708,372477.02154090465,495561.9088565936,450560.90122865274,1073879.36746445,851814.0962429483,506888.37460782967,569812.6639080998,614360.441620452
2035-10-01,656085.5443507425,618252.8259377535,373268.92840092524,519344.71349313465,458301.6181025387,1062799.245194736,863582.1095657382,500747.6693070849,565820.1670743456,616731.5450161543
2035-11-01,646852.6368107016,632370.5658415298,370041.4685691217,532839.8374519645,456188.0551673181,1082025.3064885733,857206.5556129697,485011.6839767854,555317.4249085386,608136.0202064277
2035-12-01,653450.166685417,621855.4180752276,370289.54959520506,538833.1847640258,448216.5419427175,1071184.95016065,856977.7982979912,469527.3867158658,547367.5451201978,600972.6463018728
2036-01-01,653717.740259773,611397.8456652008,372428.59810257575,544523.82817091,450011.0069614875,1067163.8228012351,833282.470991221,453525.1340454586,553776.9105809443,610059.1364131311
2036-02-01,654579.9358474371,598216.5557618864,380631.31178824126,561665.1226061267,453407.45027190173,1056757.6328611835,828016.4282450476,429955.6471954517,545825.9632039963,603838.8397738194
2036-03-01,652255.2619311167,588776.1054284436,393570.7036148306,588155.7760568211,458735.0657510225,1084955.774913907,824585.6491392967,406343.88417218544,546475.9210072355,603752.2668403988
2036-04-01,646232.8814197285,581504.2290083083,403960.7415176884,609854.6200176078,454037.3880574034,1059311.8778658947,819814.4597738349,413770.7932194283,557463.1173119339,616270.9120666864
2036-05-01,615073.8407186612,580822.1101149669,409522.27969604946,617700.9746676012,469520.93329139886,1018095.4950426286,869283.189791618,422399.86337512836,576051.155859835,617610.2243074963
2036-06-01,623435.2554487921,585273.3586089833,404701.9387343633,628088.1109444944,473815.37181627715,1002063.65765534,883976.1861556118,405223.63177811255,585199.2045195566,614424.1538483816
2036-07-01,623176.6558423601,572235.0980653635,386634.6377013712,653014.4523891915,475293.8524785906,1016701.863759919,853895.5358365137,404540.10197085416,590735.2830398252,621549.9307479193
2036-08-01,625598.0552372166,570814.1800557034,383626.1415709341,685296.6167544934,491214.8466377568,985859.3259763884,855644.1601771595,405939.76924029086,601781.9314753221,604692.4360505927
2036-09-01,640832.5397293431,558866.3776081579,369813.26910702046,700726.2712116553,498675.4122423734,999298.6432471675,841324.2053171205,404823.5658679315,606873.881494535,573515.1247205544
2036-10-01,624539.1455326092,547502.3055196819,367046.75983151916,709011.455045763,482145.31131708244,1011885.0743618506,836204.8995576838,395124.62178512046,631146.1824399441,551850.5289216131
2036-11-01,592153.5749501842,522612.92933267687,370337.02684808744,742668.1793033263,481771.46073347336,967595.9104017315,799335.5050079441,384323.49016287655,649152.9204043262,525961.3372640188
2036-12-01,559529.3361721623,502757.46317883756,366738.51868468523,763669.3215707317,480281.9066962131,967407.0103395211,760893.7737504067,378176.17887379817,655423.1653064645,521412.46818250127
2037-01-01,563264.7566368857,492985.3296569549,361019.1113280973,793243.7510251943,501435.158402059,950827.5608501367,728830.8233880885,376756.5402837968,662547.2765778453,504253.40788717044
2037-02-01,572781.7264236411,493990.5303704221,347181.3943859634,796335.8433629021,519802.14485169854,952195.7305160981,721901.4207787439,368997.10080209724,660263.858883847,488171.43847521325
2037-03-01,567222.6294895848,490536.14995270333,340356.9741828059,805844.4504022022,538344.7444701951,947788.1802271043,695340.1809522633,365538.8783427326,660584.5025521072,478633.94310744863
2037-04-01,574789.8446108743,489433.31792832783,334841.61184911,801695.3489022913,557171.4388573943,951719.029551374,700168.3679151159,363023.59386575513,655594.8724574805,455006.8772017261
2037-05-01,578330.1724843715,474107.5472892123,334279.4310041939,825494.6709867149,556894.2997542564,953079.0497044116,718202.7202958885,369070.622651158,676998.1946841929,447178.2842040971
2037-06-01,592417.6428949779,446166.98807431076,330624.65723878815,851989.4914325601,559183.3118089512,990028.1953890848,710959.5345719507,364927.658633383,711613.1953949482,453778.25141972734
2037-07-01,588368.9017771557,428863.787380456,324349.1534596747,847558.2750967089,571928.6435099399,1013882.2518592579,686693.3436199198,364956.7111352061,705353.3037737558,466134.36350792664
2037-08-01,575518.5392722397,406084.613318672,317220.0188167443,858409.537079476,577000.8411899888,1025007.5190829939,671360.9116460904,368696.8367735358,704738.1408494256,458953.8368915875
2037-09-01,575111.371487872,384565.9000656498,311612.035170213,889812.5002257942,585950.568836975,1001598.1298796361,665103.9528943743,385114.14257416007,692098.4796744196,451229.70918169076
2037-10-01,553841.8055423391,372539.4240204246,312122.62194591825,894516.3013190827,584935.2307812342,992747.255011294,693225.6541851467,398359.5551208493,646346.4900977899,436360.1904933884
2037-11-01,537952.4623797028,357566.80392083776,308340.75729512965,908748.849492532,586501.4927737231,956223.8252765401,697394.0031028298,398944.6104479335,640337.4551901342,431194.1460670608
2037-12-01,524966.7365954058,346265.31873582536,309905.2554278994,942124.913234501,590279.497951213,938037.6814873719,691959.3092582417,397272.62242935767,621874.059959359,425685.948684367
2038-01-01,518397.94021626934,347789.2437270839,312688.69836462,953762.2912655877,629948.6612878578,957731.9564574709,681076.2869417277,395457.10210100043,610324.2039911117,408657.06527279207
2038-02-01,515079.7896907221,345046.33866470616,321380.53026172967,973806.0657709648,642847.2503473706,947545.3471453446,694641.9669593223,382227.1634513085,597050.9835714878,401968.57610624697
2038-03-01,500463.508904869,333044.20659355156,330264.67129639554,979372.9007430313,634541.142981049,969384.0550997247,691016.9468541781,371472.7646088882,592341.772797695,399616.0462710846
2038-04-01,495057.96921646566,325717.7691989053,346613.1440261683,1019679.1460663669,598913.6450841225,969563.9442143462,693877.3412444884,359676.073701764,604236.2087941213,399751.88926294365
2038-05-01,502931.72277710674,318707.40919038904,361232.96564319875,1055326.7216776945,588516.9696298324,1008033.0614560439,668961.8448772324,352961.972986056,587329.4273108336,411346.2814745439
2038-06-01,511015.3252402412,301238.5075112782,385818.5224863302,1058002.2151643513,591846.6464422642,1010152.3906142224,648322.843810802,344903.08338594134,557346.7974320763,423443.9525039276
2038-07-01,510493.58750952024,282110.86619896546,408495.6022585626,1072665.8655907258,578938.1909130249,1030185.5827907993,619053.6882980198,337020.0084583494,551898.6027295457,428613.7244624073
2038-08-01,492028.8719991623,271889.7632965368,422391.6890394621,1069788.9478866528,563719.0627404681,1039007.4936107729,595517.1702021571,336501.4235743101,557062.2294679905,431070.9810734804
2038-09-01,496308.7871636944,261770.4263793594,423554.2074579865,1059514.0949193295,555682.4291804339,1048861.9803189693,571575.2320035194,327573.23876726284,542478.2767114517,435363.3865670576
2038-10-01,491420.3935954386,256180.77454634442,413450.26128472516,1085503.316011962,550725.2662111993,1082236.078687573,546150.761824949,320308.8172161888,534906.6323563282,431230.59609892074
2038-11-01,484967.6285418071,249015.2563721646,393414.5338137706,1113268.106577168,546614.1848360517,1087577.188696607,538349.7826678961,331879.605711835,543356.0409037304,430061.6381522242
2038-12-01,485133.26931744785,251854.7594667756,379397.108622105,1172909.9400066868,557489.5093137384,1087627.945577155,527068.7053213031,336444.0356949604,546962.4426621546,427789.98330241675
2039-01-01,484441.51454372855,256852.80795108076,380514.36425577506,1263266.8204474298,544328.8844570498,1051703.1697872228,522085.6811832431,343883.0563797276,548527.6452672562,415049.57266557956
2039-02-01,475874.3050539417,254147.26421355546,373332.2254258263,1278750.83412109,549333.2859031435,1020381.0322074661,540034.0421104851,342531.76718062727,540834.4818453069,410312.7061188252
2039-03-01,476647.44528651383,249271.59284868825,371188.4033231937,1283430.7392539852,566062.1962840636,973600.8354153953,560544.6968596369,335139.6460373621,538041.8390672462,415600.1357958446
2039-04-01,479990.0210312103,251846.7261882346,385635.66822955624,1292708.618581026,584386.2032111557,933455.0606977835,580054.5266482707,329373.800124519,527967.1566627655,417430.80563486525
2039-05-01,474906.92245457356,244597.34929371308,369966.9655485976,1282806.3532410224,596147.1323299292,896987.6839029621,595762.8470173419,324988.5625015913,508632.5374305367,405864.8457156762
2039-06-01,471181.56817803666,237970.7066190036,379688.2153275297,1280585.4944517163,595733.9829219328,907048.1918897126,619106.6703920149,328061.6082568637,501795.15607354656,405481.8025032756
2039-07-01,495292.84483402286,230211.32359765432,397534.8032052288,1256254.9591474845,602019.2803418997,885585.9313463016,616708.5220146055,334740.4113330066,494869.1429153444,392718.0007313529
2039-08-01,487913.9013061149,231617.4291688669,394118.1815458358,1251169.3199437698,600639.2001772333,866174.1058913197,618213.7022659514,336335.5634275678,477940.40074391576,387894.88727621274
2039-09-01,498950.51021978474,226968.93561197777,387562.1734878476,1223144.1640479204,592614.0364327423,849105.9530416462,597471.914016651,334142.1246599438,456548.20231090643,393739.95827238803
2039-10-01,513189.4478891524,227738.26444513787,385817.27664644644,1197796.429812644,599146.829448744,850393.4390809361,574491.1897511922,338834.5995590014,449860.8472208529,412504.6046069411
2039-11-01,515585.9579956636,228357.46610060905,384067.21153442963,1172980.9526395083,633718.1734974716,847365.2385557562,572252.4248419815,322045.2257180244,447808.55315971083,414180.7831520963
2039-12-01,518921.8630582737,226517.27982505955,386469.06687767385,1207950.4100335923,652842.1572301788,824203.1164847733,569322.969722186,322185.6968573592,440890.41554514057,429605.8360758402
2040-01-01,509619.0248581977,230464.54955194442,397452.8640868882,1154949.0904374968,669621.9908312585,801005.6684511675,571075.2076717224,324349.5343223408,427862.66912525793,447670.5222668711
2040-02-01,492575.84497973544,235422.30180908102,400505.94605298847,1096151.8095664147,688263.7371556163,793902.369842953,577147.5922758138,327237.58307079034,417166.38383781933,460939.2720102345
2040-03-01,480731.1574642092,242378.5026150509,393072.70828976465,1080900.0250460599,690998.7500595255,773508.8338220329,585389.6336601423,329685.43799961556,417731.9478744766,470803.459160534
2040-04-01,467762.3204365311,246977.0319513118,381480.10333454877,1074451.779678747,696566.8027297854,768398.9703290293,557908.9673637967,340818.17828899506,419130.4747404148,476349.54043944145
2040-05-01,465382.55139190657,251525.53912446107,372593.6049425172,1066058.9717896236,690685.7746398832,772065.4081696046,547810.1639241872,353611.00593911094,413465.8613447398,491866.73701538856
2040-06-01,458809.44524296705,261421.64119936357,368519.7073266921,1060863.7028733736,696903.9801942047,749242.802748177,521395.0087879185,356359.1872380806,396620.1311528922,499586.93768604094
2040-07-01,444638.6882988233,273326.80450141855,371458.73771367746,1035621.3994689051,707968.0478865324,740227.7928471566,490285.5781890079,367035.5216674537,394274.4927063484,493865.9225530022
2040-08-01,446558.80916713155,276729.75379457104,378594.94238890405,1024409.5131912997,710881.6085078516,753878.9399453172,478617.65784886613,381235.50013686344,382189.69119912136,487016.7832722067
2040-09-01,450153.6587969124,289126.4328521342,384460.09086190065,1010492.3105607085,716917.6907444674,772543.8275640011,458065.9321982237,399203.4555136006,377128.04789872764,470961.1994658784
2040-10-01,440246.18415499065,298607.258298708,386925.51992592186,1005898.5213333569,698653.5984288538,779226.539355753,439917.3839459799,393988.43678980204,374970.70222554496,488207.126901354
2040-11-01,442095.36901766533,297829.47995502467,381190.5168029126,994904.1858323306,685359.1620769615,784128.911322748,426206.40342338476,384797.6016641337,368288.5090220124,485068.5460070378
2040-12-01,460280.0534180127,288956.09702658217,365738.38911694346,1014823.7830615134,699820.1024910404,773206.1038937201,422556.44067892217,380277.8833340316,375683.91661543434,458044.866351173
2041-01-01,458649.751549151,287562.15947994875,343647.3454735398,1002377.9402993473,683040.9339692412,775203.902718625,422118.0015159025,395395.42401890206,380431.6795709687,428794.694321945
2041-02-01,447301.9545059964,282023.8882321172,338640.5619108408,984062.5908503048,673502.8373179297,783964.9521845335,408811.6682457517,385428.6036950467,393961.532445354,425486.22281189024
2041-03-01,443880.481106595,271643.2883744445,326200.00135410565,1016899.4033734291,659990.1006175749,771829.3451776106,397954.02334420703,376282.90044448554,406187.21003981755,420060.30844339705
2041-04-01,442149.43196222605,269257.5987924122,327682.78970514337,1000112.3862599558,662177.0609851503,755573.6646009336,387135.1434819162,368087.16365397646,418299.2455220888,400112.0509055212
2041-05-01,444967.7498710953,272238.4825469997,319050.2157312681,1020960.5207162609,657189.5880771291,755387.9764288103,380204.0165932654,379942.9497392696,422819.0861397969,386839.2901445751
2041-06-01,434080.03382766084,276983.7764473546,315172.53653245664,1005353.3338214965,640008.2138125107,768686.2151173652,375198.7207126396,391215.67072806787,420778.36993998877,389121.2958674948
2041-07-01,434539.0650631624,272645.52183997317,300964.21832866856,970163.2793044324,652148.3636074484,795047.480564564,366246.07102321344,395153.6373227529,433302.74295817554,391752.6754775671
2041-08-01,431312.11764744174,272345.3804309651,287508.0388833163,955143.084261513,661264.9027580653,791294.3463187731,362077.1102132182,392501.33837458317,435453.9199266963,384472.3249193687
2041-09-01,437399.7399411986,273852.580799059,277955.4688962274,948520.5588971978,670439.5469811977,782281.5081552204,355903.96388618246,380461.12628164963,426804.3096750207,377224.6671070795
2041-10-01,445650.82844762906,275976.0263537005,281458.50717383873,927032.3590927513,650161.8450919521,794775.9264175228,352794.5256662531,386280.66005085316,415955.08437995974,380497.22072667134
2041-11-01,448143.40295083553,288491.75439421786,284376.0314769321,925561.2881148527,643670.65010923,814458.249098843,353773.174289938,389371.5899113076,404259.90310568217,380390.1013053511
2041-12-01,437024.5970462986,299273.5713993003,285440.4539371947,925816.2085209013,635393.6057566829,839626.5031747713,344775.80358003493,398641.7429278224,385606.69869316404,369560.5438745061
2042-01-01,441546.8490659254,303687.2282510715,288577.4988200483,910523.1489584931,640909.7500199917,860122.0114766301,335251.3940605278,386971.3044976259,365383.6030313517,358596.58149776113
2042-02-01,441434.0685229663,307514.02546618925,294672.4362072717,885867.5694896918,631386.4916734413,891445.2516704056,330695.205885403,392171.80035618803,353807.8626965713,354794.3754581366
2042-03-01,440654.4609939125,300804.9590729717,291101.2919299462,886497.5486496931,623507.4973024842,921722.5375078544,331380.79763408616,393534.437515708,335457.7018706187,351589.6909860182
2042-04-01,450273.6013738524,296908.09520354343,287597.3075472153,892892.0854109195,628194.5396863348,948772.4703580214,334391.1025395745,395103.9047821324,328396.3144153195,341016.4976021407
2042-05-01,443306.0897322787,294260.3839736088,293199.2028069573,887384.7400851547,637369.7788219843,958034.9515898643,330076.9830139111,401144.68938918656,334374.7875695847,337063.3766636185
2042-06-01,426050.00497283327,303349.12569662055,292440.68385242624,901279.71443047,633365.3031393359,975018.1599238382,325906.1030137833,396705.46696191,336724.72692476085,336526.96174553916
2042-07-01,408973.26464848936,295248.18578260706,295354.3077148566,884262.4220103498,631318.0988890942,938406.3799463471,323779.36699378083,396358.3210169066,345592.24576412106,336622.2018644772
2042-08-01,396635.1546666489,298135.3850159491,295973.9561708598,888985.3701439757,615296.9051117994,961796.6478032335,324904.3638155067,396417.6796994922,350532.8236360005,331348.9090511235
2042-09-01,373829.39786716405,302326.5332169261,291932.7617363435,907586.8262829378,609755.9185692387,972051.9794977315,317850.0798207237,395005.3908697132,343893.4724594901,322778.8599937362
2042-10-01,344382.7272875844,301363.2783634067,298716.1758888988,921752.0058617173,588369.0653688742,937645.6230361309,322646.62966796657,386473.289594734,340578.27401273424,323669.15194628405
2042-11-01,328035.99551611743,301072.619808224,300508.68873078685,923061.8078315954,566307.1489545443,899987.106254475,328626.67075744865,376109.79398180975,340088.77480481035,321171.5283133629
2042-12-01,315087.9331482454,311953.95480572124,298439.4094955571,918148.5800872719,556210.4662856337,878679.8597301674,337745.20279176673,354514.6969114807,343790.96254022315,315734.3025442647
2043-01-01,306040.1167827521,315341.197034264,295868.4300304436,897437.6863023902,558627.4891620834,857304.1443600901,337231.34731583385,343309.9742252716,350611.7252452777,309193.8146114563
2043-02-01,294423.5302115059,320240.02129702445,295018.7304174706,867874.0176579034,552836.8433480267,866402.768827888,333878.7890547401,324452.22863833996,364539.2745202446,304220.2839750911
2043-03-01,298055.78825984604,324629.0983545732,299480.12024242023,862098.8484714943,549491.6853472317,836093.3970455336,337456.5381127003,316208.00595491735,375916.2204476147,299541.1919414585
2043-04-01,303330.58327666135,326117.159085544,293883.1476248275,867754.6378402272,545218.6377432802,863588.8070181767,349031.31960256,304190.95085785724,390618.7615911417,291303.58866476925
2043-05-01,309740.0428409204,321083.2725591291,290323.19686685,884982.9584900764,545684.3521915086,850849.7746719677,365287.45936809795,307388.85751487716,393544.58865540975,291067.3717597696
2043-06-01,306686.5413123859,299897.3175136848,296538.93590850785,879214.1235385373,555112.8957330403,851439.1201697903,385817.1754062969,306703.6367145381,399918.6093403548,280867.3209992325
2043-07-01,307530.58839209477,297669.3237771153,290382.6328336865,885314.0958553286,548737.2381940014,839985.9625350053,391737.4864835064,300401.237120262,410419.7929506296,278074.4107753367
2043-08-01,317800.62702332775,301941.5253624047,290781.76430839306,881885.2763795614,544008.324927986,865556.8803623507,395683.84749064944,300781.64354229346,409083.5685999475,266045.3810277622
2043-09-01,317689.29427461536,309206.26754358603,282734.22506006126,902825.1619351137,534631.0811544675,909897.9771740652,398129.185977084,295443.90130228066,403996.2474730814,258764.01093974576
2043-10-01,309786.13073861954,318816.61893119494,282797.1679972997,889497.8080143558,531040.5445961312,919510.1588319087,405194.51379728835,287729.3184358612,396818.26094470016,252450.68740553467
2043-11-01,297746.59422191407,328176.90098021476,280944.4552091859,903579.1506559094,529532.8553759201,914392.3342521166,419022.4034046306,279215.8246985953,394753.4466583871,256104.3292813899
2043-12-01,286181.6421176494,317828.85484514065,290793.0100170829,926053.9599770479,529577.195658543,899500.2701916357,413785.1979750262,273360.82575458626,388282.5593119606,248939.62229221023
2044-01-01,278723.0992533775,323133.13115439407,299496.5127094753,907022.7610078302,545042.4867076277,880778.8093519416,400536.8893738364,269830.93135770794,395442.3079999002,250187.25656012548
2044-02-01,269809.857057385,326408.528655856,299191.5263022851,886142.4476020222,555195.7096902269,869250.9750797204,394413.5833104038,267442.3048518816,392300.4596995441,252518.8073213462
2044-03-01,274160.5351633442,330968.1279797187,303870.9015330126,919582.0341176862,560674.762827307,824266.0238621177,404853.17024255317,264144.0330166144,392552.2825813019,255597.50193202271
2044-04-01,271333.68989924836,321018.47547943925,309571.6121683571,913258.4067966646,558301.689308823,774337.4349719246,395358.18247355905,263803.80354513595,393220.58212247374,256860.89711937867
2044-05-01,268643.59661471384,313251.3264584194,312103.80547991884,915718.3176580067,560432.5838312082,744614.1477946338,387197.53916247166,261473.939799823,398651.63886615244,258529.2935257643
2044-06-01,266321.84780032095,308837.6594814087,308559.72567557974,902861.0078852448,554886.0953688191,704904.472007551,381642.43730218784,248943.92866102816,392229.10211145494,254805.60379733672
2044-07-01,264485.10173341783,311146.2972943719,304640.2747396279,861226.8082747419,562396.123388801,680413.978137963,376973.68378964014,244784.13070829218,406979.2554896729,259223.99525032725
2044-08-01,251333.41959812018,326923.84596007696,308362.67579909414,825482.4949489105,555368.4818227588,678696.3947004126,367314.6730154009,238937.00916046227,415279.84655280825,260356.09016024705
2044-09-01,245027.96976182252,329856.8764810745,305778.33898579393,806723.8193213119,544902.9614439707,656989.0204987614,363255.833360527,236958.97804418474,399208.5895576608,262496.0623156706
2044-10-01,242289.4753930685,330314.65049813525,302944.55809426995,784670.2670444462,558127.3955938779,655758.0586276784,367279.4890297989,238527.73191613998,403527.2547526477,267031.8854191008
2044-11-01,234671.81920903732,342344.73384499137,299498.7800475516,799651.1401748715,564276.5016412751,641451.7411281761,359659.6380971921,248334.9651684543,396881.1613458652,263165.1605511347
2044-12-01,230285.14705560188,347903.995312436,288562.39706089057,829149.3898618348,546770.5892644409,641244.4272590812,356737.98015576304,255793.45690095218,388960.3653470363,268934.0351062305
2045-01-01,220517.03536636967,348880.0777490469,286344.5720905091,857082.8538892071,552243.604762728,643781.9051318682,344643.0050875466,260087.15992658396,387218.4500785301,276231.16015022644
2045-02-01,216214.4451645868,360571.32884207706,289519.07795526984,867676.1024871058,546821.7130928845,640886.6708207444,332582.92388170527,267843.1019443191,380762.14651947864,273918.61254428624
2045-03-01,219417.36665574048,372855.02562203293,285601.13872506085,841706.6022588069,527700.0070050813,633061.5265921145,328023.8450001732,271100.6613198712,373819.9031767866,272105.8724708428
2045-04-01,223578.0355295439,395731.33862776856,279622.72480097885,832529.0503961915,533886.8999328435,635376.2697377806,320652.6946247658,281312.6514196486,361402.13223787985,269810.7396206378
2045-05-01,221821.3383478797,417901.70129959856,273895.1803941032,811726.1068129368,537074.6228228462,647570.6065690011,317346.312461346,286267.6437914793,355986.194529194,256373.7238129483
2045-06-01,218150.11596629882,423540.6135977993,277122.170889775,763061.5820499082,553133.7663542912,660674.877707194,310933.311348153,283775.1346717968,353787.2528471273,254975.67955012378
2045-07-01,213477.34153750265,426874.6564671534,281334.3572764427,725465.4218824512,555809.274434199,656847.7057443531,312331.94317383174,282244.4635203757,332281.2614233267,252745.94585386504
2045-08-01,201940.20206532197,431585.8594881842,277075.79321616906,697408.9156773243,560050.4365966922,648581.2002710379,329779.1653449199,287997.40962876496,331373.77899122145,259693.79653917952
2045-09-01,199205.46327347338,426418.1126225464,283599.28953721473,671479.0633375157,563748.5942697191,632232.8589080479,344553.20728972583,291230.55808431894,325574.0088987546,260152.59317665838
2045-10-01,196041.8191049979,415096.9155385716,282437.8245083831,638468.8011083113,545743.6341644162,639423.9665436663,346154.3373132061,292554.9169789933,332291.7064739653,270564.7953017692
2045-11-01,191688.4803379548,401417.16241691756,278777.43301452027,624120.0841847656,539372.4111293227,621945.5174382076,352959.087144838,292263.320973603,333650.1806554946,279331.2549144838
2045-12-01,182043.6330766543,391131.44994385063,277391.9643861404,600013.3054407607,539792.7634449322,621412.1131879757,358957.184280995,301935.11165853956,325653.40496948187,281785.09944424673
2046-01-01,179838.71552227528,387261.7035220449,270888.1035404587,572738.9183151564,543165.364542376,630535.228321746,355192.13529973075,305196.1746694394,319223.94923556375,280805.1723417485
2046-02-01,187117.54330163175,372363.6512714662,267254.0824215044,568081.6571507338,542994.097266403,629973.6857536663,338480.3258496594,313721.0978105307,317390.7022490495,279733.06743934454
2046-03-01,189137.1964213661,358010.4578387062,262135.49538643315,564075.3179353032,537969.1201136356,619820.5120928637,334283.2438324422,322143.5277090805,316036.93518473103,273303.99411081255
2046-04-01,189512.6764481785,351465.0649243667,260220.50468802103,564431.8099669131,548469.6227167438,606724.5346686853,333438.76698644244,336546.09955931426,306130.9296422958,270047.523110555
2046-05-01,188039.1268172396,357279.88638296654,259142.3348745968,555308.368940353,561949.8854884502,592989.2059563992,331975.0381291645,331871.90720127575,302234.6362776281,272293.4495169309
2046-06-01,189023.71644671552,352520.5556849903,258090.1731029188,528296.0533890991,555272.3096931345,586329.259965523,329593.64069419116,329802.0061629646,302594.4027897271,282206.6057390632
2046-07-01,190581.6408274035,354816.6070123311,250486.14861209164,526127.2231835426,566285.6045400393,601195.8440522241,322330.6187787038,323601.00197058555,295448.69495673047,284034.2778007553
2046-08-01,188785.44403463448,360419.5136142587,249070.71209680536,528250.3609288429,575632.2905554225,616509.4052510973,326135.7442278751,314235.2341417822,293154.9966418112,288192.4318934472
2046-09-01,189016.2546387999,373519.61793571094,242348.3808169229,529661.2121094472,562088.9288368203,600425.5007504132,313525.5011499322,300920.962067125,295426.6924030747,286565.6471870849
2046-10-01,185192.2074355011,369111.8307555281,240847.58498200847,530570.8054775044,554834.2800929075,594205.1617054812,321693.48119582527,305598.0850599122,287534.66331383976,297461.69108576566
2046-11-01,181159.266596072,380432.27998694207,235627.19302893852,532997.6825245713,540607.3621206757,575130.514986264,313243.0486546965,301142.04148276633,300624.5878504955,286431.81424449437
2046-12-01,178920.04610470674,391463.39729130524,239979.7279174134,528456.5026931682,527313.1106854036,571854.0417365503,321936.96036935085,289106.8525113055,310144.9836748071,291091.40325022454
2047-01-01,177990.01877578546,409994.38951966615,242688.62469934727,507673.51956685795,523960.55734750826,573275.3024664838,321822.22931658174,284930.68929982325,315829.08299900783,293109.22201764694
2047-02-01,167828.30515341475,412931.74854830676,245250.71999361942,496951.20862274664,517134.20790708845,570399.4294797321,320214.0284834162,283552.36687257467,319485.85824944434,284036.60885066504
2047-03-01,163506.81663887884,411734.353300377,252610.46984418025,480554.38762822654,499987.7770357955,584812.113426072,321416.0853967484,282949.4046379804,340365.121669279,281370.03240939503
2047-04-01,167700.36675162165,413025.0607705179,257286.45718135987,469770.5902856132,478868.7081313329,589850.9906617051,327914.80714988994,271561.67226641846,362227.5076651367,271232.644976086
2047-05-01,171163.68854407285,425318.8987619576,256321.21277549694,451647.735656496,474536.86779540003,588802.2532981524,329758.19972338167,278134.908955279,377005.29384354927,266166.79870902834
2047-06-01,166535.31989142013,433650.06753451936,255961.616159468,446270.90770203766,464828.9002409786,613557.6915928945,335380.2787177686,279713.14391273865,384711.8248245386,251862.01986198878
2047-07-01,166051.94583518326,433802.28960928996,253549.4284113806,438715.97396444797,467205.61553842423,626020.4834811734,339162.1588098891,279034.6550501332,379811.05359135417,242680.34479406523
2047-08-01,170488.03867877516,441400.8548277441,246716.91405417921,448645.58373434027,456743.1969700723,645984.1372824761,336265.68866096926,280989.08088258817,379817.50896055455,238711.0470868385
2047-09-01,171741.90231973358,463134.1692868503,240923.4268915638,472785.22040577827,457412.56179980555,657843.923413811,337485.1236146575,277437.93726594246,375964.6343231883,243589.1379303113
2047-10-01,175611.69344288058,471755.72457753296,254681.92253697096,480492.6839576832,459841.1833595743,673084.7934784285,345673.3753202587,278518.70672805136,386544.8138871398,239388.37056503133
2047-11-01,181294.57460561284,458518.9854958737,261782.80852688756,482266.68277326657,458440.8321126128,673583.2931431214,347006.1477962387,270538.17133587366,401219.4756733788,237127.36578215077
2047-12-01,186365.67218481717,457233.38938537124,262266.179086605,483286.8784723021,460553.38434543874,695963.8433749172,344516.7271306242,264377.76828526525,397764.01569865074,237194.47094453775
2048-01-01,187212.12844227414,479757.64794197597,258547.48419044176,474625.27020718023,460870.4861176887,695020.7618760201,342108.28512076684,261230.80858726066,405489.10049729026,234168.04421642103
2048-02-01,182828.36709309486,487257.53241071943,253292.16309635175,466775.9682586885,461014.7725821527,701754.7009636611,334069.2605390792,259993.43324379608,416787.5802133214,228679.96082294348
2048-03-01,175222.34517069376,489794.03226246336,249299.5274068712,448239.89319250145,460611.0762832598,688450.8828396497,333344.0128731591,259316.5579317093,414580.44789717195,232701.23981430018
2048-04-01,171519.11661844468,477013.4576021363,241589.1382212857,443538.5192656803,454415.1896507698,673771.426416642,336073.3580135072,256077.78234099792,405612.4334686546,233648.9893036999
2048-05-01,169088.0859939119,451095.55773849,235997.13741584486,428324.2855712518,464023.8800098835,672091.7352432903,335535.8640197355,252194.500762359,404695.97932491027,233535.61778727107
2048-06-01,165156.9914991228,425586.2739912445,236073.74854001316,422755.2881442321,470355.01227453124,627300.0200732128,329805.5521710808,248461.15557784858,400686.73908195674,235474.07244572556
2048-07-01,163606.55630327584,409498.59080530226,236299.83902480616,414892.05364469095,474673.5764520397,605385.9839805657,328271.5289814862,244699.03805004043,405151.3289693933,236583.4097619697
2048-08-01,157607.96483949714,404127.05473811686,234634.591113389,408301.76068241656,480258.47139743436,574320.1461550877,329054.9333862074,242649.7894837799,396890.129332674,239374.13538171118
2048-09-01,158778.9498376775,383230.3089584217,237298.14087907248,419192.10987194144,477536.99348578317,545834.8701432586,331095.3107613509,241498.1087311578,396257.59977134824,239826.76961173557
2048-10-01,156539.158373198,397112.32955073507,234164.6268887967,414983.09336927714,474208.48045609007,518673.68213837943,335409.4603289375,241242.14124216713,408112.51691057516,236534.78858136607
2048-11-01,156846.99599982283,403564.5183595862,232372.0889784296,410787.9360256947,470632.6492004768,512237.68658049114,336919.1358338717,246322.8932795375,404973.6855792485,241736.83251523774
2048-12-01,155145.54369469752,404904.6316661703,230147.7756832055,408614.0944759612,474051.5778999963,484322.50471127033,337341.53960167896,239924.5468914869,417419.74638636253,242816.37505578
2049-01-01,158048.42380431015,407957.84339500405,228932.05432791897,415011.1043769893,473525.8263166175,467141.68868783984,330434.56028719357,230849.58947821346,422511.98674325057,241161.03698457583
2049-02-01,160141.57863061732,412216.0659863674,224583.65582123224,421708.21158125956,477109.46687712445,464315.96154223627,327071.97570492193,236594.37775224395,423403.59223485587,241195.02950447146
2049-03-01,158708.43787129078,409531.31825479574,218151.5763448592,424098.5645388885,465266.4561537249,459436.72216597304,320060.79238009313,239232.22173371902,433886.39358911134,246548.88092709598
2049-04-01,161305.59047535513,397466.2365974731,218875.44196169428,429448.7652724586,452549.0553907654,462959.5181461574,312617.5468856625,245541.1830749096,445267.3261544408,246692.9189076706
2049-05-01,159325.32658183464,401647.22021645395,214788.4888957107,419931.8493988567,460983.27270885534,473154.0351817987,313818.8464184863,252524.5574731356,461906.56022126455,242875.18138628217
2049-06-01,155846.4715922032,406053.4264147749,212263.30728679156,426867.6132133814,450889.1576794198,477937.5342168447,307275.21479152027,255317.54482283484,479265.56579629343,243343.78702637253
2049-07-01,156093.79518671194,397857.8933618581,213059.86300454906,423255.7983491197,456183.08898245805,483895.39547475654,288906.50719685823,252942.5308218903,484790.48863922036,245394.6433545599
2049-08-01,154408.68414345084,395736.11483878666,210393.40667659766,421273.0981390821,453850.1554974637,485323.2225115105,279743.7749708383,251168.31330444122,492269.7651278641,255143.62579360983
2049-09-01,159442.92772150136,394810.48058188416,210824.6890340051,421059.49766200315,445764.6789285166,477122.64431082836,275502.356250579,250822.04058236125,504455.2463224359,257127.07616772674
2049-10-01,165306.8829368792,401327.4066616169,205185.26991691432,420410.11959698517,458150.22480066813,484371.302865737,275591.4591601599,251920.5882960613,506066.3202601639,259101.93274476085
2049-11-01,173014.2975837422,408128.5938366297,208986.2127172634,423565.7901371215,464436.9799303628,499025.2740587477,271191.3374451744,252418.97472141884,499474.36609429395,257029.57178952964
2049-12-01,170426.38885675799,414387.24105366325,209454.02607416044,431967.6078728311,449239.1526440133,517635.5152086348,265595.5741339269,251068.54923128602,481309.10396993376,259102.8120058802
2050-01-01,165024.44044868773,408452.26857167255,215660.07402604108,448433.996818101,460173.510745031,518551.117624752,263523.0033196542,244541.47317878235,465393.44492964796,260064.02097522098
2050-02-01,164724.37625443412,408005.2162955434,212513.92210683375,467211.89776109613,454456.80671103986,512288.96219213406,252817.94285338698,247174.22124060517,462172.17569722794,266320.3978756102
2050-03-01,160697.87907487678,412005.84635142545,214633.65902318215,473566.2516533014,457495.10020669864,511320.2350567,246672.95369421167,241741.47418380185,455680.4915801514,262204.6188468613
