"Employee wages by industry, annual 1 2"
"Frequency: Annual"
"Table: 14-10-0064-01 (formerly CANSIM 282-0072)"
"Release date: 2025-01-24"
"Geography: Canada, Province or territory"
""
""

"Geography 3","Canada",,,,,,,,,,,,,,,,,,,,,,,,,,,,,,,,,,,,,,,,,,,,,,,,,,,,,,,,,,,,,,,,,,,,,,,,,,,,,,,,,,,,,,,,,,,,,,,,,,,,,,,,,,,,,,,,,,,,,,,,,,,,,,,,,,,,,,,,,,,,"Ontario",,,,,,,,,,,,,,,,,,,,,,,,,,,,,,,,,,,,,,,,,,,,,,,,,,,,,,,,,,,,,,,,,,,,,,,,,,,,,,,,,,,,,,,,,,,,,,,,,,,,,,,,,,,,,,,,,,,,,,,,,,,,,,,,,,,,,,,,,,,
"Wages 4","Total employees, all wages",,,,,,,,,,,,,,,,,,,,,,,,,,,,"Average hourly wage rate",,,,,,,,,,,,,,,,,,,,,,,,,,,,"Average weekly wage rate",,,,,,,,,,,,,,,,,,,,,,,,,,,,"Median hourly wage rate",,,,,,,,,,,,,,,,,,,,,,,,,,,,"Median weekly wage rate",,,,,,,,,,,,,,,,,,,,,,,,,,,,"Total employees, all wages",,,,,,,,,,,,,,,,,,,,,,,,,,,,"Average hourly wage rate",,,,,,,,,,,,,,,,,,,,,,,,,,,,"Average weekly wage rate",,,,,,,,,,,,,,,,,,,,,,,,,,,,"Median hourly wage rate",,,,,,,,,,,,,,,,,,,,,,,,,,,,"Median weekly wage rate",,,,,,,,,,,,,,,,,,,,,,,,,,,
"Type of work","Both full- and part-time employees",,,,,,,,,,,,,,,,,,,,,,,,,,,,"Both full- and part-time employees",,,,,,,,,,,,,,,,,,,,,,,,,,,,"Both full- and part-time employees",,,,,,,,,,,,,,,,,,,,,,,,,,,,"Both full- and part-time employees",,,,,,,,,,,,,,,,,,,,,,,,,,,,"Both full- and part-time employees",,,,,,,,,,,,,,,,,,,,,,,,,,,,"Both full- and part-time employees",,,,,,,,,,,,,,,,,,,,,,,,,,,,"Both full- and part-time employees",,,,,,,,,,,,,,,,,,,,,,,,,,,,"Both full- and part-time employees",,,,,,,,,,,,,,,,,,,,,,,,,,,,"Both full- and part-time employees",,,,,,,,,,,,,,,,,,,,,,,,,,,,"Both full- and part-time employees",,,,,,,,,,,,,,,,,,,,,,,,,,,
"Gender 6 7","Total - Gender",,,,,,,,,,,,,,,,,,,,,,,,,,,,"Total - Gender",,,,,,,,,,,,,,,,,,,,,,,,,,,,"Total - Gender",,,,,,,,,,,,,,,,,,,,,,,,,,,,"Total - Gender",,,,,,,,,,,,,,,,,,,,,,,,,,,,"Total - Gender",,,,,,,,,,,,,,,,,,,,,,,,,,,,"Total - Gender",,,,,,,,,,,,,,,,,,,,,,,,,,,,"Total - Gender",,,,,,,,,,,,,,,,,,,,,,,,,,,,"Total - Gender",,,,,,,,,,,,,,,,,,,,,,,,,,,,"Total - Gender",,,,,,,,,,,,,,,,,,,,,,,,,,,,"Total - Gender",,,,,,,,,,,,,,,,,,,,,,,,,,,
"Age group","15 years and over  (x 1,000)",,,,,,,,,,,,,,,,,,,,,,,,,,,,"15 years and over",,,,,,,,,,,,,,,,,,,,,,,,,,,,"15 years and over",,,,,,,,,,,,,,,,,,,,,,,,,,,,"15 years and over",,,,,,,,,,,,,,,,,,,,,,,,,,,,"15 years and over",,,,,,,,,,,,,,,,,,,,,,,,,,,,"15 years and over  (x 1,000)",,,,,,,,,,,,,,,,,,,,,,,,,,,,"15 years and over",,,,,,,,,,,,,,,,,,,,,,,,,,,,"15 years and over",,,,,,,,,,,,,,,,,,,,,,,,,,,,"15 years and over",,,,,,,,,,,,,,,,,,,,,,,,,,,,"15 years and over",,,,,,,,,,,,,,,,,,,,,,,,,,,
"North American Industry Classification System (NAICS) 5","1997","1998","1999","2000","2001","2002","2003","2004","2005","2006","2007","2008","2009","2010","2011","2012","2013","2014","2015","2016","2017","2018","2019","2020","2021","2022","2023","2024","1997","1998","1999","2000","2001","2002","2003","2004","2005","2006","2007","2008","2009","2010","2011","2012","2013","2014","2015","2016","2017","2018","2019","2020","2021","2022","2023","2024","1997","1998","1999","2000","2001","2002","2003","2004","2005","2006","2007","2008","2009","2010","2011","2012","2013","2014","2015","2016","2017","2018","2019","2020","2021","2022","2023","2024","1997","1998","1999","2000","2001","2002","2003","2004","2005","2006","2007","2008","2009","2010","2011","2012","2013","2014","2015","2016","2017","2018","2019","2020","2021","2022","2023","2024","1997","1998","1999","2000","2001","2002","2003","2004","2005","2006","2007","2008","2009","2010","2011","2012","2013","2014","2015","2016","2017","2018","2019","2020","2021","2022","2023","2024","1997","1998","1999","2000","2001","2002","2003","2004","2005","2006","2007","2008","2009","2010","2011","2012","2013","2014","2015","2016","2017","2018","2019","2020","2021","2022","2023","2024","1997","1998","1999","2000","2001","2002","2003","2004","2005","2006","2007","2008","2009","2010","2011","2012","2013","2014","2015","2016","2017","2018","2019","2020","2021","2022","2023","2024","1997","1998","1999","2000","2001","2002","2003","2004","2005","2006","2007","2008","2009","2010","2011","2012","2013","2014","2015","2016","2017","2018","2019","2020","2021","2022","2023","2024","1997","1998","1999","2000","2001","2002","2003","2004","2005","2006","2007","2008","2009","2010","2011","2012","2013","2014","2015","2016","2017","2018","2019","2020","2021","2022","2023","2024","1997","1998","1999","2000","2001","2002","2003","2004","2005","2006","2007","2008","2009","2010","2011","2012","2013","2014","2015","2016","2017","2018","2019","2020","2021","2022","2023","2024"
,"Persons in thousands",,,,,,,,,,,,,,,,,,,,,,,,,,,,"Current dollars",,,,,,,,,,,,,,,,,,,,,,,,,,,,,,,,,,,,,,,,,,,,,,,,,,,,,,,,,,,,,,,,,,,,,,,,,,,,,,,,,,,,,,,,,,,,,,,,,,,,,,,,,,,,,,,,"Persons in thousands",,,,,,,,,,,,,,,,,,,,,,,,,,,,"Current dollars",,,,,,,,,,,,,,,,,,,,,,,,,,,,,,,,,,,,,,,,,,,,,,,,,,,,,,,,,,,,,,,,,,,,,,,,,,,,,,,,,,,,,,,,,,,,,,,,,,,,,,,,,,,,,,,
"Total employees, all industries 8","11,364.5","11,633.4","11,960.7","12,379.1","12,654.4","12,966.9","13,248.7","13,459.3","13,606.6","13,898.7","14,180.3","14,381.7","14,089.3","14,340.1","14,577.5","14,772.9","14,982.0","15,097.2","15,194.9","15,295.2","15,640.5","15,896.2","16,257.9","15,335.6","16,313.0","17,105.4","17,682.0","18,056.0","15.59","15.78","16.17","16.66","17.22","17.66","18.05","18.50","19.09","20.16","20.99","21.85","22.63","23.09","23.60","24.21","24.75","25.18","25.87","26.40","26.81","27.56","28.32","30.04","30.69","31.97","33.56","35.20","573.47","581.68","597.14","616.00","635.65","650.12","662.54","679.79","703.14","743.85","773.24","803.03","825.58","841.56","862.79","888.49","907.72","923.90","947.96","965.19","979.92","1,007.33","1,033.57","1,101.12","1,123.94","1,175.84","1,233.40","1,290.30","14.00","14.29","14.50","15.00","15.38","15.67","16.00","16.35","17.00","17.50","18.00","19.00","19.75","20.00","20.00","20.60","21.00","21.63","22.00","22.50","23.00","23.32","24.04","25.64","26.00","27.00","28.79","30.00","524.40","534.45","549.81","562.50","576.80","594.42","600.00","605.60","634.55","658.60","680.00","710.50","728.35","748.00","760.00","770.00","790.00","800.00","825.00","840.00","854.00","875.00","902.00","961.60","998.75","1,026.00","1,080.00","1,126.65","4,438.8","4,580.8","4,742.2","4,913.5","5,045.0","5,142.7","5,296.6","5,377.2","5,446.5","5,530.9","5,584.4","5,601.7","5,425.6","5,538.9","5,624.7","5,655.0","5,758.8","5,808.7","5,812.8","5,884.5","6,027.9","6,130.3","6,274.9","5,946.0","6,317.3","6,693.9","6,937.3","7,043.8","16.34","16.49","17.00","17.59","18.17","18.54","18.88","19.42","20.03","21.10","21.85","22.67","23.36","23.77","24.35","24.72","25.07","25.45","26.18","26.89","27.14","28.18","28.97","30.90","31.66","32.97","34.63","36.44","605.82","612.62","634.16","656.69","678.55","690.04","701.52","720.26","743.63","783.44","807.28","833.74","853.80","867.17","890.81","906.37","916.83","931.35","959.34","984.76","992.85","1,030.78","1,059.89","1,138.00","1,164.85","1,218.08","1,279.16","1,339.01","14.90","15.00","15.00","15.80","16.16","16.48","16.84","17.10","17.95","18.21","19.00","19.45","20.00","20.00","20.57","21.00","21.00","21.63","22.00","22.60","22.95","23.63","24.35","26.00","26.70","27.88","29.00","30.00","560.00","572.25","576.84","600.00","615.30","630.00","640.00","650.00","675.00","692.40","712.00","731.00","756.00","769.20","776.00","796.88","800.00","806.40","840.00","856.40","864.00","880.00","923.00","1,000.00","1,012.13","1,057.60","1,120.00","1,154.00"
"Goods-producing sector 9","2,873.3","2,962.1","3,047.6","3,151.2","3,153.6","3,261.1","3,296.3","3,328.0","3,311.2","3,286.3","3,263.9","3,262.9","3,021.9","3,049.9","3,138.3","3,224.3","3,234.3","3,226.6","3,208.2","3,177.9","3,244.6","3,320.2","3,336.2","3,185.9","3,317.7","3,487.1","3,583.6","3,631.2","16.61","16.85","17.17","17.80","18.39","18.87","19.31","19.73","20.29","21.57","22.52","23.64","24.57","25.11","25.41","26.16","26.79","27.56","28.09","28.45","28.79","29.40","30.28","31.43","31.91","33.44","35.50","37.00","666.31","675.88","688.64","714.36","738.54","756.52","773.07","791.83","816.20","872.24","908.09","954.43","983.08","1,010.45","1,026.59","1,059.83","1,085.79","1,121.30","1,136.70","1,146.35","1,164.18","1,187.20","1,220.42","1,260.31","1,282.12","1,349.06","1,431.76","1,489.59","15.38","15.68","16.00","16.50","17.00","17.07","17.75","18.00","18.46","19.23","20.00","21.00","22.00","22.50","22.60","23.41","24.00","24.83","25.00","25.00","25.00","25.77","26.67","28.00","28.00","30.00","31.25","32.16","624.00","638.25","640.00","672.00","680.00","692.40","714.00","720.00","750.00","780.00","800.00","846.00","880.00","903.00","916.80","946.00","960.00","1,000.00","1,000.00","1,000.00","1,008.00","1,040.00","1,080.00","1,120.00","1,140.00","1,200.00","1,260.00","1,308.80","1,191.8","1,249.4","1,310.1","1,358.8","1,366.9","1,397.1","1,429.1","1,427.2","1,413.7","1,365.5","1,309.7","1,265.2","1,138.0","1,148.0","1,163.9","1,185.4","1,175.7","1,177.3","1,176.7","1,210.3","1,241.5","1,272.2","1,251.1","1,208.8","1,254.5","1,334.6","1,384.7","1,360.0","17.50","17.59","17.99","18.83","19.44","19.76","20.23","20.59","21.15","22.43","22.98","24.17","24.67","25.12","25.24","25.14","25.85","26.42","26.91","27.16","27.25","28.11","29.38","30.46","31.18","32.67","35.05","36.64","699.38","703.14","720.26","754.14","777.30","789.59","807.25","824.17","846.90","899.34","916.96","964.58","975.81","1,001.73","1,009.99","1,004.26","1,031.94","1,054.72","1,077.23","1,080.33","1,085.36","1,124.68","1,174.97","1,211.04","1,237.66","1,306.55","1,395.63","1,452.25","16.35","16.50","16.81","17.33","17.98","18.00","18.50","18.97","19.33","20.00","20.00","21.50","22.00","22.12","22.45","22.50","23.00","23.08","24.00","24.00","24.00","25.00","25.56","26.62","27.00","28.50","30.29","31.25","660.00","673.00","673.20","700.00","720.00","730.00","742.80","760.00","780.00","800.00","814.40","865.20","880.00","900.00","910.00","904.00","920.00","946.00","960.00","961.60","961.60","1,000.00","1,040.00","1,076.80","1,090.76","1,154.00","1,240.00","1,250.10"
"Agriculture 10","119.3","129.7","125.4","123.5","117.2","117.1","117.9","115.8","126.4","136.6","125.1","123.6","115.4","113.8","117.2","121.3","125.4","125.9","119.1","117.9","113.4","124.4","136.1","126.7","123.3","134.0","129.6","123.7","9.98","10.43","10.53","10.45","11.01","11.08","11.63","11.83","12.14","12.59","12.83","13.92","13.95","14.54","14.80","15.80","15.39","16.18","17.06","17.18","17.75","19.00","19.85","20.54","20.82","21.76","23.71","25.04","382.44","401.08","409.06","409.16","422.36","432.28","456.22","460.61","483.32","494.90","492.29","538.95","531.70","567.31","569.78","617.85","585.97","636.92","665.31","665.72","687.43","753.21","776.03","777.30","794.89","843.68","909.57","985.98","8.75","9.00","9.00","9.40","10.00","9.94","10.00","10.50","10.50","10.90","11.12","12.00","12.00","13.00","13.00","14.42","14.00","14.50","15.00","15.53","16.00","17.00","17.50","18.00","18.79","20.00","20.75","22.00","346.00","350.10","360.00","375.00","400.00","399.00","402.80","440.00","450.00","450.00","446.25","499.50","486.00","520.00","520.00","580.00","546.00","570.00","600.00","624.00","630.00","692.40","704.00","720.00","738.40","795.00","800.00","880.00","33.2","40.7","41.9","38.9","36.5","31.4","35.3","33.7","39.9","46.8","40.7","37.7","36.5","34.2","35.9","37.6","33.5","35.5","33.2","37.0","31.2","35.2","38.6","37.3","35.3","40.3","37.2","37.4","10.11","11.26","10.54","10.39","11.08","10.70","11.04","11.50","12.10","12.81","12.46","13.77","13.71","14.02","14.47","15.73","15.00","16.12","17.19","15.96","17.06","18.67","20.17","19.38","21.06","21.62","25.71","24.54","383.87","433.76","419.22","396.34","417.66","413.72","427.96","432.29","472.76","504.71","471.98","538.80","516.52","538.06","531.66","620.21","542.46","621.87","676.89","599.19","640.10","710.37","799.01","721.84","778.08","816.25","944.31","954.45","9.00","9.00","9.00","9.50","10.00","9.25","10.00","10.00","10.50","10.25","10.00","12.00","12.00","12.50","12.00","14.40","14.00","14.00","15.00","15.00","15.00","16.50","17.00","17.61","19.00","19.23","21.00","20.50","350.00","371.88","375.00","360.00","384.50","375.00","400.00","400.00","440.00","450.00","420.00","510.00","480.00","500.15","480.00","594.00","520.00","560.00","600.00","560.00","600.00","660.00","692.12","680.00","720.00","768.00","800.00","846.00"
"Forestry, fishing, mining, quarrying, oil and gas 11 12","244.8","244.5","218.3","227.1","232.5","225.9","231.4","236.0","258.1","279.9","292.6","296.9","272.1","283.2","306.8","331.4","325.9","334.4","320.2","284.8","285.6","296.5","294.5","271.8","289.3","294.5","301.4","326.3","19.13","19.56","20.49","20.78","21.30","22.79","22.67","23.25","24.38","27.11","29.23","31.21","32.40","33.28","34.30","36.68","37.74","38.95","39.53","40.90","41.59","41.35","41.41","42.77","44.15","44.30","47.32","50.09","823.13","838.63","875.52","894.03","927.47","989.01","983.00","1,017.25","1,074.95","1,193.29","1,287.17","1,370.41","1,409.59","1,456.40","1,512.12","1,617.21","1,665.28","1,725.95","1,725.46","1,783.83","1,847.53","1,820.86","1,825.53","1,877.55","1,951.00","2,002.13","2,136.57","2,244.12","18.68","19.00","20.00","20.00","20.19","22.00","21.52","21.68","23.00","25.00","26.60","28.00","29.00","30.00","30.00","32.00","33.65","35.00","35.71","36.79","37.91","37.98","38.00","39.84","40.00","40.00","43.27","45.00","798.00","800.10","859.20","864.00","880.00","924.00","923.20","934.80","1,000.00","1,057.60","1,151.60","1,200.00","1,242.00","1,300.00","1,326.80","1,440.00","1,500.00","1,538.50","1,538.40","1,600.00","1,642.50","1,634.60","1,680.00","1,730.75","1,769.25","1,800.00","1,932.00","2,007.60","37.0","32.8","32.8","30.1","33.2","31.0","28.9","30.1","31.2","35.2","31.8","31.2","30.7","35.1","36.2","32.0","32.8","30.6","38.8","30.8","31.2","31.5","33.4","32.7","32.4","37.7","42.3","41.1","20.50","21.44","21.63","22.12","22.45","23.77","24.78","23.38","24.58","25.51","27.89","30.40","28.91","30.29","31.73","30.73","34.62","35.93","35.18","35.98","34.82","38.68","37.43","37.76","42.07","40.50","44.62","46.40","840.37","882.35","889.28","919.89","938.35","993.23","1,038.14","985.48","1,053.11","1,079.77","1,175.79","1,291.55","1,232.62","1,331.19","1,412.46","1,368.13","1,504.40","1,551.69","1,532.15","1,524.87","1,531.44","1,742.96","1,662.37","1,651.45","1,817.76","1,806.53","1,963.86","2,008.01","20.91","21.31","22.00","22.00","22.00","23.68","24.00","23.35","23.50","24.00","26.72","27.41","27.65","27.53","28.85","29.57","31.00","32.00","32.00","32.50","32.00","34.62","34.34","35.00","38.00","38.00","41.00","41.00","846.00","880.00","900.00","920.00","922.95","966.00","1,000.00","980.00","1,000.00","1,040.00","1,089.60","1,140.00","1,145.20","1,200.00","1,230.00","1,249.92","1,296.00","1,350.00","1,349.50","1,350.00","1,346.00","1,500.40","1,461.20","1,480.00","1,586.80","1,630.64","1,800.00","1,760.00"
"Utilities","115.1","113.7","114.7","115.7","122.5","130.7","130.6","131.9","123.0","117.9","126.5","142.6","145.3","139.4","131.1","130.0","131.4","134.4","135.0","135.4","127.4","139.8","133.3","133.8","140.6","150.6","159.0","152.8","22.90","23.15","23.69","24.40","25.28","26.30","26.90","27.79","28.49","31.23","32.05","32.99","34.46","36.44","36.04","37.03","38.62","40.20","39.95","39.86","42.62","43.84","43.93","46.48","47.05","47.80","49.27","52.85","867.02","886.34","905.71","930.54","961.77","1,003.83","1,032.90","1,062.07","1,088.04","1,195.46","1,229.00","1,269.67","1,324.33","1,400.40","1,379.04","1,416.29","1,490.83","1,551.14","1,545.92","1,536.45","1,650.99","1,690.94","1,699.72","1,786.99","1,800.32","1,828.21","1,892.22","2,024.81","22.00","22.65","23.00","23.37","24.04","25.00","25.33","27.00","27.00","29.30","30.00","30.80","32.00","35.00","34.29","35.00","36.00","38.46","39.00","38.93","40.63","42.00","42.75","44.00","45.00","45.71","46.70","50.00","850.40","880.00","883.56","900.00","923.20","961.60","996.00","1,032.74","1,040.00","1,120.00","1,160.00","1,200.00","1,236.40","1,346.10","1,312.50","1,346.00","1,400.00","1,500.12","1,505.00","1,508.80","1,575.95","1,635.00","1,640.00","1,720.00","1,730.72","1,776.00","1,826.80","1,923.25","48.5","48.3","48.9","45.8","50.1","52.1","53.8","57.2","48.2","48.3","53.0","59.8","58.6","54.3","50.5","51.7","51.0","49.3","49.5","52.0","48.2","52.8","51.2","49.6","53.4","61.2","64.5","59.4","24.18","23.70","25.35","26.27","26.73","28.38","28.27","29.56","30.64","34.03","33.98","34.99","35.61","38.20","38.26","38.72","39.55","42.34","40.18","41.34","44.86","46.09","44.37","50.06","48.02","49.15","50.72","57.13","925.44","922.25","976.95","1,001.26","1,027.21","1,087.19","1,096.87","1,144.65","1,190.06","1,315.42","1,319.78","1,368.28","1,388.62","1,477.16","1,477.62","1,494.78","1,544.35","1,637.68","1,550.88","1,600.41","1,744.39","1,786.73","1,730.60","1,935.72","1,851.66","1,900.31","1,961.24","2,187.51","23.83","23.00","25.00","25.00","26.00","26.67","26.97","28.59","29.81","30.54","33.00","33.65","34.00","36.54","38.00","38.00","39.00","42.00","40.01","40.00","42.79","45.00","43.00","46.00","46.00","47.00","47.00","52.88","924.80","913.60","961.45","960.00","1,026.00","1,040.00","1,064.00","1,120.00","1,153.95","1,200.00","1,240.00","1,346.00","1,320.00","1,440.00","1,480.80","1,480.00","1,560.00","1,640.00","1,596.00","1,582.40","1,689.20","1,760.00","1,670.40","1,800.00","1,800.00","1,848.00","1,846.00","2,047.60"
"Construction","479.8","485.1","499.0","533.1","558.1","592.8","629.5","641.6","698.3","752.4","804.4","875.2","823.4","867.5","925.4","943.7","985.5","980.5","969.5","992.4","1,034.4","1,048.6","1,080.7","1,049.6","1,079.2","1,175.1","1,223.1","1,242.7","16.54","17.04","17.14","17.79","18.57","19.02","19.23","19.56","20.06","21.12","22.15","23.40","24.61","24.81","25.29","26.22","26.84","27.48","28.45","29.05","29.12","29.47","30.64","31.41","32.06","33.76","35.48","36.66","665.46","688.37","694.95","720.59","753.71","768.82","777.03","793.02","815.43","863.37","899.44","950.65","993.68","1,004.40","1,028.04","1,071.35","1,095.12","1,126.72","1,159.13","1,176.44","1,179.22","1,193.50","1,237.43","1,259.87","1,291.78","1,363.55","1,436.06","1,478.61","15.25","16.00","16.00","17.00","17.93","18.00","18.00","18.11","18.95","20.00","20.00","21.85","23.00","23.00","24.00","25.00","25.00","25.50","26.44","27.00","27.50","27.51","28.85","30.00","30.00","31.50","33.65","34.10","637.50","672.00","673.13","693.00","720.00","732.40","744.00","761.20","769.20","800.00","840.00","880.00","928.40","945.00","961.60","1,000.00","1,000.00","1,040.00","1,080.00","1,100.00","1,104.75","1,120.00","1,157.20","1,200.00","1,200.00","1,276.00","1,350.00","1,384.80","177.2","184.9","188.7","203.6","221.0","227.9","252.0","241.2","267.6","271.4","279.4","304.2","278.7","297.8","302.1","308.6","318.3","324.1","315.3","344.2","364.6","380.0","375.3","380.9","383.0","424.2","445.8","420.2","17.49","17.92","18.00","18.75","19.44","19.82","20.09","20.37","21.24","21.93","22.27","23.72","24.40","24.41","24.74","25.25","25.77","26.40","27.83","28.13","28.25","28.74","30.20","31.08","32.66","33.92","35.87","37.49","703.08","720.86","732.66","761.90","780.70","799.59","812.35","825.65","861.85","882.27","895.34","952.96","972.80","981.33","995.90","1,022.19","1,037.83","1,058.90","1,120.61","1,125.95","1,124.46","1,155.44","1,215.27","1,239.70","1,307.33","1,371.29","1,441.41","1,499.41","16.20","16.91","17.00","17.58","18.00","18.40","19.00","19.23","20.00","20.00","20.00","21.37","22.25","22.44","23.00","23.10","24.00","25.00","26.00","26.00","25.64","26.00","27.88","28.41","30.00","30.29","33.00","34.00","675.00","692.40","699.20","720.00","744.18","760.00","769.20","800.00","807.60","828.00","840.00","880.00","920.00","923.04","960.00","960.00","961.63","1,000.00","1,057.50","1,080.00","1,056.00","1,080.00","1,137.50","1,154.00","1,200.00","1,250.00","1,350.00","1,365.20"
"Manufacturing","1,914.2","1,989.1","2,090.2","2,151.8","2,123.2","2,194.6","2,186.9","2,202.6","2,105.5","1,999.5","1,915.3","1,824.6","1,665.7","1,646.0","1,657.8","1,697.8","1,666.1","1,651.4","1,664.4","1,647.3","1,683.8","1,710.8","1,691.7","1,604.1","1,685.3","1,732.9","1,770.5","1,785.6","16.34","16.53","16.87","17.55","18.04","18.40","18.93","19.34","19.87","21.01","21.66","22.46","23.14","23.63","23.74","23.99","24.54","25.14","25.51","25.81","26.11","26.86","27.88","29.13","29.26","31.04","33.13","34.32","652.08","658.71","672.49","699.76","718.44","731.85","751.28","768.55","788.84","837.36","859.76","892.06","909.67","934.53","940.36","948.91","972.60","997.60","1,010.91","1,020.34","1,034.33","1,063.91","1,102.20","1,150.25","1,153.51","1,225.69","1,305.70","1,348.43","15.00","15.10","15.38","16.00","16.40","16.80","17.00","17.50","18.00","18.66","19.00","20.00","20.00","20.75","21.00","21.00","21.53","22.00","22.00","22.25","22.50","23.08","24.00","25.00","25.33","26.76","28.21","29.56","600.00","608.80","614.00","640.00","656.80","668.50","680.00","700.00","720.00","746.00","760.00","792.00","800.00","820.00","830.80","840.00","855.00","880.00","880.00","888.80","900.00","923.20","960.00","1,000.00","1,000.13","1,060.00","1,120.00","1,170.00","895.9","942.8","997.8","1,040.3","1,026.1","1,054.6","1,059.2","1,065.0","1,026.7","963.8","904.8","832.3","733.6","726.5","739.2","755.5","740.1","737.9","740.0","746.3","766.3","772.7","752.7","708.2","750.3","771.2","794.9","801.9","17.29","17.36","17.82","18.74","19.28","19.47","20.04","20.36","20.92","22.35","22.85","23.80","24.27","24.71","24.76","24.40","25.04","25.47","25.63","25.91","25.77","26.56","28.07","28.99","29.23","30.87","33.24","34.74","692.29","693.83","712.41","750.33","771.94","777.92","797.69","814.44","835.15","895.88","910.92","946.88","956.07","980.47","987.32","967.07","995.37","1,014.15","1,021.24","1,028.49","1,025.25","1,058.03","1,114.76","1,150.28","1,154.93","1,225.01","1,315.02","1,367.77","16.00","16.23","16.41","17.08","17.50","18.00","18.03","18.27","19.08","20.00","20.00","21.00","21.25","21.85","21.85","21.54","22.00","22.00","22.00","22.30","22.00","23.00","24.00","25.00","25.00","26.15","28.00","29.35","642.40","652.80","658.75","688.80","704.00","720.00","724.50","732.92","765.00","800.00","800.00","840.00","840.00","865.43","865.55","850.00","880.00","885.00","892.50","900.00","896.00","920.00","961.50","1,000.00","1,000.00","1,056.00","1,122.00","1,162.50"
"Services-producing sector 13","8,491.2","8,671.3","8,913.0","9,227.9","9,500.9","9,705.8","9,952.4","10,131.4","10,295.4","10,612.4","10,916.5","11,118.8","11,067.4","11,290.3","11,439.2","11,548.6","11,747.7","11,870.6","11,986.7","12,117.3","12,396.0","12,576.0","12,921.7","12,149.7","12,995.3","13,618.3","14,098.4","14,424.8","15.25","15.42","15.83","16.28","16.83","17.26","17.63","18.09","18.70","19.72","20.53","21.33","22.10","22.55","23.10","23.67","24.19","24.53","25.27","25.86","26.30","27.07","27.81","29.68","30.37","31.60","33.07","34.74","542.06","549.50","565.85","582.40","601.50","614.36","625.93","642.98","666.78","704.09","732.92","758.60","782.58","795.94","817.86","840.65","858.69","870.24","897.45","917.68","931.68","959.84","985.33","1,059.38","1,083.56","1,131.49","1,182.98","1,240.14","13.56","13.85","14.00","14.42","15.00","15.00","15.38","15.87","16.25","17.00","17.50","18.00","19.00","19.23","19.60","20.00","20.09","20.67","21.28","21.72","22.00","22.60","23.31","25.00","25.48","26.44","28.00","29.00","483.00","499.20","506.00","520.00","540.00","553.80","560.00","573.75","594.38","615.20","638.00","668.16","681.00","693.75","704.79","720.00","740.00","756.00","770.00","787.50","800.00","816.00","853.13","923.25","958.50","990.00","1,026.65","1,080.00","3,247.0","3,331.3","3,432.1","3,554.6","3,678.1","3,745.6","3,867.5","3,949.9","4,032.8","4,165.4","4,274.7","4,336.5","4,287.7","4,390.9","4,460.8","4,469.6","4,583.1","4,631.3","4,636.0","4,674.2","4,786.4","4,858.0","5,023.7","4,737.2","5,062.8","5,359.3","5,552.6","5,683.9","15.92","16.07","16.63","17.11","17.70","18.09","18.39","18.99","19.64","20.67","21.50","22.24","23.01","23.42","24.12","24.61","24.87","25.20","26.00","26.82","27.12","28.19","28.87","31.01","31.77","33.04","34.52","36.39","571.48","578.67","601.29","619.44","641.86","652.90","662.45","682.72","707.43","745.45","773.68","795.57","821.42","831.98","859.71","880.42","887.30","899.99","929.42","960.02","968.85","1,006.19","1,031.23","1,119.37","1,146.80","1,196.05","1,250.11","1,311.91","14.18","14.42","14.82","15.00","15.56","15.93","16.00","16.50","17.00","17.69","18.09","18.96","19.49","19.93","20.00","20.19","20.59","21.00","21.65","22.00","22.20","23.08","24.00","25.71","26.47","27.47","28.85","30.00","519.20","525.00","542.40","562.50","576.80","586.50","599.95","600.00","630.00","650.16","673.13","692.30","714.00","721.20","740.00","753.75","760.00","769.20","800.00","807.75","817.20","850.13","880.00","961.60","1,000.00","1,020.00","1,076.80","1,128.75"
"Wholesale and retail trade","1,783.8","1,809.1","1,891.5","1,985.8","2,061.0","2,102.6","2,161.3","2,197.8","2,255.7","2,329.6","2,376.5","2,392.4","2,360.2","2,420.4","2,418.3","2,404.1","2,480.7","2,515.0","2,513.1","2,523.7","2,612.7","2,626.1","2,689.3","2,519.8","2,651.1","2,760.0","2,758.5","2,727.9","11.98","12.15","12.53","12.83","13.21","13.42","13.72","14.07","14.46","15.06","15.67","16.17","16.85","17.15","17.56","17.81","18.30","19.00","19.69","20.31","20.93","21.38","22.04","23.05","23.50","24.72","25.96","27.10","427.23","435.33","446.78","460.06","472.64","477.46","487.26","501.47","517.12","540.80","560.63","576.30","594.58","605.34","620.55","627.49","647.90","673.38","699.19","722.31","745.11","758.66","775.36","813.08","824.34","870.74","912.89","950.01","10.00","10.00","10.00","10.25","10.60","11.00","11.00","11.06","11.75","12.00","12.00","13.00","13.30","13.33","13.80","14.00","14.42","15.00","15.00","15.07","16.00","16.50","17.00","18.00","18.00","19.25","20.00","21.00","360.00","362.44","366.00","384.38","391.50","400.00","400.00","400.14","425.00","440.00","450.00","475.20","480.80","481.00","498.00","510.00","522.00","540.00","560.00","572.00","600.00","616.00","640.00","673.05","680.00","720.00","756.00","800.00","673.5","686.6","728.2","754.0","804.6","809.0","818.8","843.4","867.3","895.6","892.5","899.8","875.8","901.2","897.0","898.4","926.1","956.1","949.8","938.7","989.4","987.4","1,013.7","955.4","1,003.6","1,053.1","1,048.7","1,036.7","12.40","12.65","12.98","13.46","13.86","14.06","14.18","14.64","15.03","15.61","16.04","16.30","17.36","17.64","17.71","17.76","18.28","19.20","20.26","20.97","21.16","22.16","22.78","23.73","24.27","25.40","26.74","28.07","436.86","451.45","457.45","482.64","495.43","499.71","503.08","523.24","538.43","562.22","570.96","574.74","608.44","619.24","620.16","622.59","640.56","679.45","717.29","751.54","752.55","781.53","796.84","838.37","853.11","895.57","946.97","991.02","10.00","10.25","10.49","11.00","11.00","11.50","11.25","11.95","12.00","12.00","12.00","12.35","13.45","13.25","13.40","13.50","14.00","14.05","15.00","15.00","15.75","16.50","17.00","18.00","18.00","19.23","20.00","21.40","360.00","380.00","370.00","400.00","400.00","412.50","400.00","420.00","440.00","440.00","440.00","441.94","480.00","480.00","480.00","489.60","500.00","520.00","560.00","570.00","600.00","630.00","640.00","680.00","692.40","727.20","769.20","810.00"
"Transportation and warehousing","574.4","588.1","604.9","633.4","642.1","630.0","645.2","663.9","663.3","665.4","701.1","721.9","678.7","665.2","698.4","708.0","726.2","734.3","745.5","746.6","771.2","795.6","825.0","754.8","795.8","809.8","858.2","881.6","16.04","16.30","16.59","17.36","17.80","18.16","18.50","18.75","19.13","20.34","21.41","21.84","22.86","23.02","23.40","23.96","24.89","24.61","25.51","26.07","26.65","27.39","27.65","28.91","29.94","30.37","32.09","33.42","632.39","646.51","661.37","692.00","709.13","724.97","737.53","747.15","767.44","813.60","854.74","863.33","885.39","897.38","923.76","938.40","978.07","967.40","1,002.93","1,022.29","1,041.53","1,068.86","1,080.57","1,131.13","1,180.20","1,192.07","1,258.43","1,301.59","15.50","16.00","16.00","16.79","17.00","17.09","17.85","18.00","18.00","19.20","19.80","20.00","21.00","21.25","21.00","22.00","22.50","22.00","23.00","23.75","24.00","24.04","24.50","25.00","26.00","26.92","28.00","29.49","630.00","641.25","654.00","676.36","695.40","704.25","720.00","725.00","750.10","798.80","806.25","807.60","846.40","865.20","876.80","900.00","903.91","907.50","934.50","960.00","972.00","980.00","1,000.00","1,026.00","1,071.74","1,097.44","1,144.00","1,192.13","202.8","208.4","208.1","217.8","229.2","229.9","235.9","245.8","246.4","242.8","256.5","266.1","255.3","249.5","262.1","253.8","271.3","259.1","252.9","259.6","267.0","283.3","292.3","268.3","277.2","301.2","319.4","328.0","15.97","16.37","16.50","17.40","18.02","18.18","18.41","18.92","19.07","19.77","21.16","21.28","22.24","22.51","23.08","23.16","23.31","22.95","23.97","24.98","25.68","25.36","26.28","27.39","29.20","29.90","31.63","33.24","629.93","645.97","659.45","685.15","716.43","721.73","733.49","745.47","756.45","785.88","829.97","827.36","848.25","866.71","890.86","903.11","894.59","895.23","925.23","968.04","991.05","969.73","1,012.99","1,051.85","1,126.57","1,147.02","1,215.14","1,275.81","15.38","16.00","15.81","16.67","17.31","17.30","17.59","18.00","18.00","18.78","19.25","19.89","20.19","20.83","21.15","21.00","20.77","20.80","21.00","21.63","22.00","22.44","23.00","24.00","25.00","26.44","27.31","28.55","637.50","650.00","649.80","673.20","713.60","720.00","734.00","730.80","750.00","780.00","802.80","800.00","840.00","840.00","866.00","879.20","826.80","865.20","865.20","880.00","923.20","900.00","936.00","960.00","1,020.00","1,080.00","1,112.00","1,154.00"
"Finance, insurance, real estate, rental and leasing","729.6","718.2","729.0","728.8","747.7","763.7","769.6","804.0","816.8","834.6","857.7","893.3","889.9","894.4","892.4","887.5","895.8","906.8","909.7","934.0","956.2","979.2","1,003.2","1,014.1","1,102.6","1,145.4","1,182.4","1,194.4","16.57","16.94","17.59","18.19","18.99","19.77","19.67","20.35","21.03","22.93","24.04","25.75","25.88","25.98","26.73","28.22","28.43","29.35","30.38","31.32","31.90","32.95","33.66","35.93","37.38","38.79","40.90","42.80","613.62","627.67","653.11","674.63","703.66","732.15","731.24","754.63","778.51","860.91","899.38","959.56","965.67","966.00","993.29","1,055.47","1,064.09","1,097.99","1,137.35","1,174.74","1,188.63","1,227.71","1,255.67","1,345.63","1,400.83","1,458.01","1,542.11","1,609.98","14.42","14.87","15.38","15.90","16.61","17.00","17.00","17.79","18.00","19.23","20.00","21.33","21.38","21.98","22.56","23.59","24.04","24.64","25.64","25.99","26.75","28.13","28.85","30.77","32.21","33.33","35.00","36.06","540.00","557.60","576.75","586.50","615.20","636.16","634.50","663.60","673.20","721.20","750.00","796.50","800.00","807.60","846.00","873.75","888.00","923.25","961.60","961.60","1,000.00","1,057.60","1,080.00","1,153.88","1,200.00","1,249.88","1,312.50","1,346.34","323.5","323.6","328.1","326.1","336.0","342.3","349.4","366.8","379.4","390.1","386.6","406.5","416.3","414.0","419.2","406.8","419.4","425.1","426.1","451.6","454.2","470.1","487.0","491.1","522.8","569.0","585.5","596.1","17.72","18.05","19.22","19.65","20.68","21.31","21.23","21.97","22.83","25.01","26.27","27.65","27.82","27.13","28.42","30.27","29.72","30.98","31.53","33.24","33.67","34.90","35.13","37.78","39.82","41.03","43.25","44.99","670.44","680.78","728.44","746.77","779.97","805.72","801.83","829.76","859.53","959.83","1,006.00","1,049.55","1,055.94","1,028.12","1,083.83","1,155.25","1,131.98","1,177.55","1,205.43","1,266.45","1,279.17","1,318.59","1,332.82","1,437.11","1,515.11","1,575.09","1,660.47","1,715.95","15.38","15.90","16.83","16.92","17.86","18.27","18.03","19.00","19.23","20.67","21.83","23.08","23.08","22.50","24.00","25.13","24.62","25.85","26.92","27.47","28.21","30.00","30.77","32.31","34.62","35.71","36.84","38.46","576.80","600.00","634.55","654.00","673.13","692.25","680.00","711.60","730.80","792.00","826.80","880.00","865.50","846.19","920.00","961.50","953.63","980.76","1,019.25","1,045.98","1,057.88","1,125.00","1,154.00","1,224.38","1,318.13","1,346.10","1,400.08","1,500.00"
"Professional, scientific and technical services","486.9","524.5","570.4","613.6","662.8","657.9","650.8","651.1","674.3","708.4","751.4","791.1","762.9","800.4","826.7","844.6","887.0","893.8","915.1","946.5","984.9","1,013.0","1,089.9","1,123.4","1,248.1","1,350.9","1,437.5","1,500.1","18.37","18.65","19.94","20.88","21.71","22.28","22.76","23.33","24.36","26.06","27.27","28.43","29.09","29.13","30.18","31.32","31.94","32.11","32.94","34.21","34.27","34.99","36.16","37.91","38.46","41.62","44.24","47.50","702.51","706.80","765.92","806.25","836.09","855.62","864.23","886.76","933.16","999.42","1,047.11","1,086.11","1,105.09","1,102.87","1,150.16","1,200.61","1,218.34","1,221.56","1,258.98","1,303.74","1,301.89","1,329.06","1,383.92","1,443.90","1,461.97","1,589.30","1,695.76","1,826.01","16.48","16.92","18.00","18.97","19.23","19.75","20.06","20.71","21.54","22.12","24.00","24.23","25.00","25.50","26.44","27.06","27.78","28.37","28.85","30.29","30.00","30.38","31.97","33.65","34.00","36.08","38.46","41.03","625.13","637.50","692.25","720.00","746.20","769.05","769.20","788.63","818.70","865.20","904.00","937.50","961.60","961.60","999.95","1,038.40","1,057.60","1,067.25","1,114.40","1,154.00","1,153.95","1,154.00","1,230.00","1,288.32","1,305.20","1,400.00","1,461.60","1,576.80","222.6","234.7","249.5","274.2","297.6","283.6","288.2","280.3","282.2","296.9","323.0","330.7","321.0","344.9","343.9","358.0","363.1","370.3","378.8","401.0","429.0","429.2","472.0","495.2","558.6","596.8","638.4","686.0","19.24","19.58","21.45","22.55","23.05","23.98","24.09","25.19","25.94","27.77","29.17","30.35","30.49","30.08","31.30","32.62","33.12","33.09","34.01","35.84","36.06","35.86","37.47","39.63","39.98","43.52","46.41","49.67","742.52","743.84","836.44","883.75","901.65","935.00","926.18","965.83","997.73","1,069.75","1,127.27","1,169.40","1,169.52","1,144.24","1,203.55","1,256.42","1,271.77","1,261.77","1,303.97","1,379.32","1,387.26","1,372.75","1,451.01","1,526.15","1,531.76","1,670.11","1,797.29","1,918.51","17.95","17.69","19.23","20.19","20.51","21.54","21.43","23.00","23.08","24.04","25.27","26.37","26.44","26.44","27.47","28.50","28.85","28.85","30.00","32.21","31.25","31.25","33.65","35.71","36.06","38.46","41.03","43.27","673.20","673.13","753.75","769.30","800.00","822.00","807.84","875.20","884.80","923.40","980.63","1,019.20","1,000.00","1,014.38","1,050.00","1,082.00","1,096.20","1,115.25","1,154.00","1,249.88","1,230.80","1,211.60","1,307.60","1,380.80","1,384.80","1,444.00","1,586.63","1,654.00"
"Business, building and other support services 14","329.6","350.6","363.6","376.5","400.1","432.0","465.6","481.8","499.6","543.4","560.3","537.6","508.4","523.6","529.3","528.4","554.6","553.1","570.6","567.7","573.7","578.2","582.3","503.9","533.6","520.2","533.6","532.0","11.64","11.89","12.00","12.27","12.96","13.19","13.56","13.89","13.97","14.58","15.42","15.99","16.38","16.83","17.09","17.88","17.98","18.29","18.79","18.95","19.54","21.02","21.53","22.81","23.54","24.87","25.95","26.93","416.98","428.12","433.02","442.72","467.55","478.55","494.89","506.28","511.00","531.22","564.97","581.92","596.19","606.82","621.08","652.03","655.05","669.91","682.81","686.89","710.16","767.66","778.18","828.50","858.02","913.29","950.99","983.29","10.00","10.00","10.00","10.50","11.25","11.50","11.80","12.00","12.00","12.50","13.00","13.40","14.00","14.25","14.75","15.00","15.00","15.35","16.00","16.00","17.00","17.60","18.00","19.00","20.00","20.50","22.00","22.73","365.56","375.00","385.00","400.00","404.25","410.00","431.25","440.00","442.80","460.80","480.00","498.00","510.00","521.70","540.00","560.00","560.00","562.50","592.00","594.80","603.52","670.00","680.00","720.00","730.80","800.00","826.80","840.00","150.4","161.8","165.6","174.3","180.4","189.8","212.7","216.5","220.2","238.6","246.1","236.2","219.6","230.4","233.0","232.2","253.2","254.1","255.5","244.3","241.8","246.2","240.1","207.7","216.1","215.8","217.2","213.6","11.83","12.32","12.45","12.52","13.39","13.71","14.07","14.47","14.04","14.66","15.47","16.13","16.45","16.33","16.52","17.80","17.21","18.11","18.15","18.25","18.78","21.42","21.76","22.59","23.90","25.27","26.56","26.19","429.67","446.32","453.36","455.70","489.19","509.58","522.68","532.02","517.05","542.35","572.47","595.92","606.55","593.36","607.14","657.11","632.28","670.01","669.34","668.31","692.89","796.73","804.38","831.41","881.94","948.12","990.06","967.31","10.00","10.00","10.18","10.50","11.50","11.70","12.00","12.00","12.00","12.00","13.00","13.00","13.46","13.00","13.85","14.00","14.00","14.42","15.00","15.00","15.00","17.00","18.00","18.46","19.95","20.00","22.00","22.00","378.00","399.90","400.00","400.00","420.00","440.00","450.00","450.00","450.00","461.40","480.00","483.00","509.20","500.00","516.00","530.00","520.00","550.00","560.00","560.00","580.00","656.25","680.00","714.00","740.00","788.40","836.25","800.80"
"Educational services","875.7","888.5","923.1","925.1","927.6","953.5","975.0","986.4","1,046.8","1,099.7","1,108.8","1,096.5","1,103.0","1,106.7","1,106.7","1,143.0","1,165.0","1,152.3","1,204.4","1,195.7","1,193.0","1,212.5","1,245.5","1,239.2","1,371.6","1,405.2","1,429.1","1,483.9","20.89","20.89","21.15","21.56","21.97","22.68","23.18","23.87","24.50","26.10","26.88","28.03","28.90","30.00","30.73","31.28","31.91","32.13","32.84","33.64","33.80","34.47","34.97","36.45","36.71","37.51","38.72","40.20","710.96","708.89","723.61","733.57","734.46","760.17","776.80","798.89","822.25","869.38","893.98","932.99","955.26","992.50","1,015.91","1,043.51","1,060.18","1,062.94","1,094.42","1,114.16","1,111.47","1,132.97","1,152.73","1,219.65","1,221.39","1,254.87","1,285.00","1,334.72","19.62","19.75","20.00","20.00","20.44","21.11","21.63","22.00","22.93","24.04","24.73","25.64","26.63","27.88","28.19","28.85","29.30","30.00","30.22","31.25","31.00","31.26","31.95","33.85","33.88","34.34","35.71","37.14","681.12","673.20","692.40","697.60","692.40","721.29","741.00","761.57","770.00","807.80","836.50","874.65","903.75","942.39","961.45","972.80","980.70","1,000.00","1,038.40","1,038.45","1,038.40","1,057.60","1,072.00","1,154.00","1,154.00","1,155.00","1,200.00","1,250.00","327.3","327.0","342.2","344.5","334.4","349.5","356.0","370.0","403.1","425.4","440.6","435.6","431.4","430.7","435.0","441.8","460.5","454.9","482.9","469.7","459.7","479.0","500.0","476.9","515.7","541.1","545.6","571.2","22.03","21.66","22.07","22.44","22.75","23.25","23.75","24.41","25.60","27.08","27.71","29.16","29.72","31.54","32.10","33.10","33.72","33.66","33.99","35.15","34.98","35.99","36.30","38.25","38.73","39.43","39.89","41.24","780.98","764.43","781.13","792.98","781.96","799.28","821.85","834.17","875.62","912.63","936.14","973.46","992.32","1,054.22","1,065.27","1,110.41","1,130.20","1,124.12","1,142.64","1,172.73","1,155.53","1,191.46","1,211.18","1,299.22","1,313.51","1,330.48","1,333.83","1,372.20","20.77","20.51","20.67","20.88","21.15","21.43","21.98","22.44","24.00","25.00","25.64","26.44","27.40","29.81","29.38","30.22","30.77","31.32","31.79","33.00","32.00","32.73","32.50","36.48","37.00","36.81","36.92","38.46","760.00","711.51","736.00","750.08","730.80","750.00","769.20","769.30","825.00","856.17","865.20","903.70","922.95","1,000.00","987.35","1,038.60","1,038.72","1,057.77","1,080.00","1,069.20","1,057.70","1,100.05","1,100.00","1,250.00","1,288.35","1,253.61","1,250.00","1,288.40"
"Health care and social assistance","1,179.5","1,213.6","1,248.0","1,319.8","1,361.3","1,415.8","1,469.9","1,508.2","1,510.3","1,536.3","1,602.2","1,656.7","1,717.5","1,789.8","1,823.7","1,855.7","1,893.9","1,939.4","1,971.9","2,005.4","2,040.8","2,092.6","2,169.5","2,093.2","2,224.5","2,322.9","2,377.1","2,492.3","16.44","16.45","16.70","17.15","17.78","18.59","19.01","19.61","20.23","21.04","21.82","22.47","23.34","23.92","24.52","24.83","25.40","25.49","26.22","26.77","27.25","27.59","28.09","29.22","29.56","30.70","31.97","33.44","541.44","542.77","552.55","568.26","594.57","618.27","626.32","652.84","674.48","704.77","732.97","752.59","784.55","800.16","822.89","839.22","857.82","858.48","887.36","906.47","924.56","941.91","958.89","1,003.95","1,016.31","1,063.89","1,105.46","1,160.30","15.12","15.01","15.31","15.67","16.03","17.00","17.00","17.75","18.00","18.46","19.00","19.73","20.24","20.83","21.06","21.50","22.00","22.00","23.00","23.08","23.67","24.00","24.25","25.00","25.33","26.50","28.00","29.00","506.25","507.50","513.19","525.00","555.00","574.50","576.80","596.00","612.50","637.50","664.00","680.00","704.63","718.88","737.20","746.25","761.52","769.20","796.13","800.00","815.63","830.00","850.15","894.00","910.00","960.00","992.00","1,036.00","414.6","436.7","445.0","470.3","490.9","502.0","537.8","546.5","543.6","552.4","580.0","595.0","610.1","636.9","654.8","658.9","678.7","693.7","703.2","708.4","731.0","740.6","774.2","737.7","786.0","822.8","853.2","885.7","17.19","17.07","17.47","18.01","18.50","19.39","19.67","20.55","21.25","21.96","22.79","23.59","24.27","24.86","25.69","25.75","26.06","25.94","26.66","27.40","27.74","28.69","28.92","30.10","30.03","31.28","32.49","34.41","569.37","564.74","579.31","593.51","626.47","650.51","652.22","689.03","712.24","740.85","768.42","792.32","819.53","839.73","869.41","873.06","879.24","874.62","907.79","924.93","946.70","993.68","996.61","1,045.48","1,048.97","1,098.70","1,137.87","1,203.83","15.75","15.38","15.87","16.10","16.81","17.35","17.77","18.23","19.00","19.23","20.00","20.50","21.25","21.63","22.12","22.00","22.71","23.00","23.23","24.00","24.04","25.00","25.00","26.00","26.00","27.04","28.21","30.00","541.50","535.39","551.95","562.50","594.00","600.00","600.00","631.88","659.63","680.00","700.00","720.00","748.30","760.00","780.00","780.00","792.00","790.00","821.25","840.00","843.75","880.00","897.38","932.10","946.80","987.00","1,015.00","1,069.20"
"Information, culture and recreation","506.1","519.3","536.8","571.6","609.4","606.6","602.4","614.0","612.6","636.9","631.0","610.3","610.0","629.9","640.6","629.2","620.6","630.7","621.2","643.7","648.4","642.1","642.5","554.3","596.1","681.8","720.9","721.5","16.17","16.63","16.95","16.89","17.66","17.38","17.81","18.31","19.03","20.19","20.96","21.19","21.66","22.41","22.82","22.94","23.56","24.03","24.79","24.80","25.27","25.64","26.51","29.96","31.23","31.26","31.27","32.29","582.31","601.11","614.72","611.14","640.83","618.19","632.74","650.15","674.66","712.73","741.32","747.34","759.64","786.40","801.07","803.55","820.71","834.73","860.44","864.07","869.44","880.78","914.72","1,070.08","1,132.50","1,103.77","1,081.51","1,099.26","14.50","15.00","15.11","15.00","15.81","15.00","15.49","16.00","17.00","17.58","18.46","18.00","18.84","19.71","19.78","19.95","20.00","20.51","21.45","21.00","21.00","21.25","22.00","26.00","28.21","26.44","26.10","26.54","538.30","574.00","576.80","562.50","580.00","560.00","576.00","590.00","600.00","640.00","667.10","654.00","673.20","702.00","700.00","704.00","727.20","750.00","769.20","760.20","740.37","760.00","800.00","961.60","1,057.50","961.60","960.00","954.00","207.2","204.4","220.9","242.2","257.7","252.0","245.6","255.1","252.8","273.0","268.5","246.4","249.1","256.8","273.8","253.8","252.9","255.7","246.0","256.8","249.1","248.3","249.9","225.3","248.3","266.7","278.3","280.6","16.72","17.46","17.57","17.39","18.71","17.78","18.06","18.94","19.61","21.07","21.44","21.91","22.19","23.14","24.19","23.55","24.13","24.50","25.68","25.29","25.58","26.52","26.87","30.87","32.28","32.53","32.16","33.40","611.08","633.91","647.02","637.30","694.74","640.18","647.03","676.28","703.26","749.84","762.49","779.99","782.85","806.80","857.70","828.56","845.92","859.08","907.00","886.23","876.76","910.27","927.35","1,119.89","1,186.75","1,157.38","1,120.70","1,148.47","15.00","15.60","15.38","15.38","16.35","15.00","15.50","16.25","17.50","18.00","18.75","18.71","19.00","20.00","20.00","20.00","20.00","20.45","21.96","21.15","20.65","21.25","21.63","26.44","28.85","26.44","26.62","26.67","562.50","600.00","600.00","595.00","620.00","576.75","596.00","600.00","650.00","665.60","678.00","673.20","687.24","700.00","742.40","721.20","730.80","738.00","800.00","769.20","720.00","750.00","769.20","961.68","1,108.80","980.00","962.50","961.45"
"Accommodation and food services","775.3","806.9","817.2","847.7","855.9","892.9","906.5","920.9","908.6","938.2","985.3","1,001.8","978.9","997.3","1,038.5","1,068.8","1,066.1","1,096.9","1,111.0","1,114.8","1,134.9","1,141.7","1,128.6","862.9","878.2","961.9","1,056.7","1,070.4","8.88","9.06","9.13","9.39","9.72","9.90","10.24","10.39","10.94","11.06","11.50","11.89","12.42","12.72","13.03","13.54","13.50","13.95","14.24","14.43","14.94","15.89","16.59","17.04","17.36","18.50","19.71","20.58","273.83","285.29","285.16","293.84","302.24","303.50","317.97","321.32","340.73","341.97","355.79","363.62","374.94","378.98","389.25","410.74","405.33","423.04","426.83","431.09","448.73","474.25","489.33","499.22","491.89","539.96","576.24","594.79","7.50","7.74","7.70","8.00","8.00","8.40","8.60","8.85","9.00","9.50","10.00","10.00","10.50","11.00","11.00","11.50","11.75","12.00","12.00","12.50","13.00","14.00","15.00","15.00","15.05","16.00","17.00","18.00","232.40","240.00","241.50","250.00","256.00","256.00","270.00","274.00","285.00","300.00","308.00","312.00","330.00","332.50","350.00","362.25","362.25","384.38","383.50","385.00","400.00","427.00","450.00","448.00","427.50","480.00","510.00","528.00","278.3","291.9","297.8","306.8","300.8","325.1","326.3","333.7","328.4","344.1","362.1","368.7","354.3","356.0","366.6","394.3","398.1","406.1","404.4","403.2","410.6","425.0","422.8","312.7","331.1","360.5","398.0","392.9","9.07","9.27","9.34","9.44","9.79","9.99","10.32","10.29","10.92","10.93","11.18","11.45","12.03","12.54","12.90","13.29","13.19","13.64","13.97","13.93","14.58","16.15","16.73","17.09","17.34","18.86","19.46","20.49","270.16","292.56","292.65","294.89","300.27","307.76","324.79","322.06","339.26","337.30","343.58","349.87","362.72","364.01","373.91","397.30","394.64","413.95","412.08","415.34","436.92","478.72","489.83","497.63","493.17","562.42","567.49","584.54","7.50","7.75","7.80","8.00","8.00","8.00","8.50","8.42","9.00","9.00","9.23","9.50","10.00","10.50","11.00","11.00","11.00","11.50","12.00","12.00","12.00","14.00","15.00","15.00","15.00","16.00","17.00","18.00","219.00","247.50","247.50","248.00","245.00","249.90","270.00","264.00","270.00","277.50","296.00","292.50","300.00","307.50","322.50","345.00","350.00","368.00","360.00","360.00","382.50","423.65","448.00","448.00","425.00","487.50","496.50","510.00"
"Other services (except public administration)","456.9","473.0","454.6","451.1","447.2","456.0","483.8","472.9","471.6","487.0","483.4","518.0","533.2","529.9","533.5","561.8","546.7","543.4","524.7","541.8","557.4","558.0","561.7","486.8","517.0","518.8","557.6","593.0","12.81","13.02","13.14","14.00","14.37","14.54","15.01","15.44","16.03","16.55","17.24","17.91","18.52","18.91","19.37","20.21","20.93","21.32","21.91","22.31","22.68","23.70","24.24","26.34","26.87","27.45","28.83","30.37","465.29","480.31","479.44","513.57","525.92","533.14","542.79","556.57","589.12","604.47","625.13","643.80","666.91","672.09","699.04","732.00","757.17","775.96","788.49","799.52","805.40","846.27","859.79","941.94","955.41","991.74","1,039.02","1,075.20","11.00","11.47","11.50","12.02","12.50","12.87","13.00","13.60","14.00","14.42","15.00","15.00","16.00","16.00","16.48","17.00","17.50","18.00","19.00","19.00","19.00","20.00","20.50","23.00","23.00","24.00","25.00","26.00","400.00","418.00","420.00","448.50","462.00","480.00","480.00","492.00","519.20","528.00","544.00","560.00","595.00","593.25","600.00","620.00","637.60","649.40","680.00","681.71","680.00","720.00","760.00","840.00","836.50","880.00","940.00","975.00","167.9","174.2","162.1","162.4","162.2","165.7","186.1","180.5","185.6","188.9","180.5","195.5","197.4","205.9","206.4","211.0","200.4","197.0","193.4","195.4","199.1","204.4","209.2","182.7","191.9","187.2","205.5","220.7","13.49","13.61","13.90","14.84","15.11","15.20","15.75","16.14","16.64","16.80","17.57","17.64","18.92","18.57","19.51","20.91","21.38","20.94","21.44","22.29","22.80","24.56","25.37","27.70","28.10","27.92","29.26","31.17","485.44","506.10","514.11","547.32","559.65","566.20","583.80","584.48","632.11","621.49","641.33","630.20","689.29","657.60","699.82","763.11","780.58","763.73","768.61","802.55","815.04","874.48","904.03","989.49","1,004.87","1,004.11","1,049.67","1,092.49","11.54","12.00","12.00","13.00","13.50","13.64","13.33","14.29","14.29","14.50","15.00","15.00","16.00","15.87","16.50","16.83","17.00","17.00","18.75","18.27","18.10","20.00","21.00","23.66","23.08","23.56","25.00","25.00","420.00","440.00","461.56","488.75","500.00","519.90","500.00","528.00","540.16","559.60","538.30","558.00","600.00","576.80","600.00","630.00","615.20","640.00","680.00","673.20","680.00","747.60","770.00","870.00","830.80","884.00","937.50","950.00"
"Public administration","793.3","779.4","774.1","774.6","785.8","794.6","822.3","830.4","835.7","832.9","858.9","899.1","924.6","932.6","931.2","917.3","911.1","904.9","899.5","897.4","922.7","937.0","984.2","997.4","1,076.7","1,141.5","1,186.8","1,227.8","19.43","19.75","20.60","21.33","22.11","23.19","24.08","24.63","25.51","27.42","28.51","29.50","30.91","31.70","32.63","33.26","34.21","34.75","35.51","35.83","36.18","37.67","38.27","39.77","39.88","40.78","42.57","44.56","717.65","727.96","761.53","788.50","818.16","860.94","893.79","911.87","943.65","1,017.88","1,057.77","1,089.69","1,150.94","1,179.25","1,211.91","1,236.33","1,270.81","1,289.04","1,318.45","1,328.94","1,341.86","1,400.18","1,417.79","1,472.99","1,479.00","1,513.18","1,583.48","1,649.06","18.30","18.52","19.48","20.00","20.51","22.00","22.56","23.08","24.04","25.52","26.66","27.47","29.00","29.81","30.45","31.01","32.00","32.97","34.00","34.07","34.00","35.11","36.00","37.00","37.57","38.97","40.00","42.00","692.25","696.17","722.25","750.00","769.20","813.38","846.00","865.36","900.00","961.45","1,000.00","1,036.00","1,081.70","1,117.88","1,153.87","1,162.50","1,202.00","1,240.00","1,264.64","1,271.60","1,269.38","1,320.00","1,349.92","1,399.88","1,407.35","1,452.00","1,500.10","1,576.88","278.9","281.9","284.6","281.9","284.3","296.7","310.6","311.2","323.9","317.6","338.2","356.1","357.2","364.5","369.1","360.7","359.4","359.2","343.2","345.5","355.5","344.5","362.7","384.3","411.5","445.0","462.9","472.3","20.44","20.68","21.83","22.66","23.51","24.88","25.84","26.76","27.43","29.84","30.64","31.45","32.59","33.71","35.12","35.52","36.29","36.62","37.87","37.53","37.79","40.28","40.25","42.13","42.22","42.22","44.60","46.65","759.57","767.06","815.54","841.95","879.96","931.98","971.86","999.92","1,023.28","1,113.41","1,146.53","1,175.99","1,222.22","1,264.11","1,318.38","1,332.24","1,361.54","1,370.15","1,417.86","1,401.75","1,409.61","1,514.13","1,501.85","1,576.47","1,571.27","1,574.12","1,671.30","1,740.75","19.71","19.38","20.65","21.15","22.00","23.93","24.36","25.00","26.00","28.00","28.85","29.81","30.77","31.92","33.00","34.05","35.00","35.00","36.06","36.00","36.63","38.46","39.06","40.74","40.51","41.03","42.56","44.84","732.80","730.87","788.40","800.00","826.80","900.00","923.25","961.50","985.60","1,057.83","1,089.00","1,145.20","1,154.80","1,200.00","1,250.00","1,288.50","1,331.63","1,346.10","1,375.60","1,365.38","1,379.40","1,464.50","1,480.15","1,538.40","1,538.46","1,538.40","1,605.83","1,692.38"




Footnotes:
1,"To ensure respondent confidentiality, estimates below a certain threshold are suppressed. For Canada, Quebec, Ontario, Alberta and British Columbia suppression is applied to all data below 1,500. The threshold level for Newfoundland and Labrador, Nova Scotia, New Brunswick, Manitoba and Saskatchewan is 500, while in Prince Edward Island, estimates under 200 are suppressed. For census metropolitan areas (CMAs) and economic regions (ERs), use their respective provincial suppression levels mentioned above. Estimates are based on smaller sample sizes the more detailed the table becomes, which could result in lower data quality."
2,"Starting in 2006, enhancements to the Labour Force Survey data processing system may have introduced a level shift in some estimates, particularly for less common labour force characteristics. Use caution when comparing estimates before and after 2006. For more information, contact statcan.labour-travail.statcan@statcan.gc.ca"
3,"Excluding the territories."
4,"Beginning January 1997, information is collected on the usual wages or salary of employees at their main job. Respondents are asked to report their wage/salary before taxes and other deductions, and include tips, commissions and bonuses. Weekly and hourly wages/salaries are calculated in conjunction with usual paid work hours per week. Starting in 2006, enhancements to the Labour Force Survey processing system have introduced a level shift in average and median wages. Use caution when comparing estimates before and after 2006. For more information, contact statcan.labour-travail.statcan@statcan.gc.ca"
5,"Industry refers to the general nature of the business carried out by the employer for whom the respondent works (main job only). Industry estimates in this table are based on the 2022 North American Industry Classification System (NAICS)."
6,"Gender refers to an individual's personal and social identity as a man, woman or non-binary person (a person who is not exclusively a man or a woman). Some people may not identify with a specific gender and a person's gender may change over time. Gender includes the following concepts: gender identity, which refers to the gender that a person feels internally and individually; gender expression, which refers to the way a person presents their gender, regardless of their gender identity, through body language, aesthetic choices or accessories (for example, clothes, hairstyle and makeup), which may have traditionally been associated with a specific gender. A person's gender may differ from their sex at birth, and from what is indicated on their current identification or legal documents such as their birth certificate, passport or driver's license. LFS started collecting gender of person in 2022. Prior to 2022, LFS only collected information on sex of person (male or female), as declared by the respondent or recorded by the interviewer. The sex variable prior to 2022 and the two-category gender variable since 2022 are combined in this table. Although sex and gender refer to two different concepts, the introduction of gender is not expected to have a significant impact on data analysis and historical comparability, given the small size of the transgender and non-binary populations."
7,"Given that the non-binary population is small, data aggregation to a two-category gender variable is necessary to protect the confidentiality of responses provided. Individuals in the category "non-binary persons" are distributed into the other two gender categories and are denoted by the "+" symbol. The category "Men+" includes men, as well as some non-binary persons, while the category "Women+" includes women, as well as some non-binary persons."
8,"This combines the North American Industry Classification System (NAICS) codes 11 to 91."
9,"This combines the North American Industry Classification System (NAICS) codes 11 to 33."
10,"Labour Force Survey (LFS) North American Industry Classification System (NAICS) code exception: add group 1100 - Farming - not elsewhere classified (nec). When the type of farm activity cannot be distinguished between crop and livestock, (example: mixed farming)."
11,"Labour Force Survey (LFS) North American Industry Classification System (NAICS) code exception: add group 2100 - Mining - not elsewhere classified (nec). Whenever the type of mining activity cannot be distinguished."
12,"Also referred to as Natural resources."
13,"This combines the North American Industry Classification System (NAICS) codes 41 to 91."
14,"Formerly "Management of companies and administrative and other support services"."



"How to cite: Statistics Canada. Table 14-10-0064-01  Employee wages by industry, annual"
https://www150.statcan.gc.ca/t1/tbl1/en/tv.action?pid=1410006401